dateTimeAus,tideCategory,tideCategoryHeight
2023-01-01 05:06:00,High,1.58
2023-01-01 08:17:00,Falling,
2023-01-01 11:28:00,Low,0.72
2023-01-01 14:20:30,Rising,
2023-01-01 17:13:00,High,1.3
2023-01-01 20:12:30,Falling,
2023-01-01 23:12:00,Low,0.57
2023-01-02 02:35:00,Rising,
2023-01-02 05:58:00,High,1.64
2023-01-02 09:18:30,Falling,
2023-01-02 12:39:00,Low,0.67
2023-01-02 15:27:30,Rising,
2023-01-02 18:16:00,High,1.25
2023-01-02 21:07:00,Falling,
2023-01-02 23:58:00,Low,0.6
2023-01-03 03:21:30,Rising,
2023-01-03 06:45:00,High,1.7
2023-01-03 10:10:00,Falling,
2023-01-03 13:35:00,Low,0.61
2023-01-03 16:24:30,Rising,
2023-01-03 19:14:00,High,1.23
2023-01-03 21:58:00,Falling,
2023-01-04 00:42:00,Low,0.62
2023-01-04 04:05:30,Rising,
2023-01-04 07:29:00,High,1.75
2023-01-04 10:55:00,Falling,
2023-01-04 14:21:00,Low,0.54
2023-01-04 17:12:30,Rising,
2023-01-04 20:04:00,High,1.24
2023-01-04 22:44:30,Falling,
2023-01-05 01:25:00,Low,0.63
2023-01-05 04:47:00,Rising,
2023-01-05 08:09:00,High,1.78
2023-01-05 11:34:30,Falling,
2023-01-05 15:00:00,Low,0.49
2023-01-05 17:54:00,Rising,
2023-01-05 20:48:00,High,1.26
2023-01-05 23:26:30,Falling,
2023-01-06 02:05:00,Low,0.63
2023-01-06 05:26:00,Rising,
2023-01-06 08:47:00,High,1.81
2023-01-06 12:11:00,Falling,
2023-01-06 15:35:00,Low,0.45
2023-01-06 18:32:00,Rising,
2023-01-06 21:29:00,High,1.29
2023-01-07 00:07:00,Falling,
2023-01-07 02:45:00,Low,0.63
2023-01-07 06:05:00,Rising,
2023-01-07 09:25:00,High,1.83
2023-01-07 12:47:30,Falling,
2023-01-07 16:10:00,Low,0.43
2023-01-07 19:08:00,Rising,
2023-01-07 22:06:00,High,1.31
2023-01-08 00:45:00,Falling,
2023-01-08 03:24:00,Low,0.63
2023-01-08 06:42:30,Rising,
2023-01-08 10:01:00,High,1.83
2023-01-08 13:22:30,Falling,
2023-01-08 16:44:00,Low,0.42
2023-01-08 19:43:30,Rising,
2023-01-08 22:43:00,High,1.32
2023-01-09 01:22:30,Falling,
2023-01-09 04:02:00,Low,0.63
2023-01-09 07:19:30,Rising,
2023-01-09 10:37:00,High,1.82
2023-01-09 13:57:00,Falling,
2023-01-09 17:17:00,Low,0.43
2023-01-09 20:18:00,Rising,
2023-01-09 23:19:00,High,1.33
2023-01-10 02:00:00,Falling,
2023-01-10 04:41:00,Low,0.64
2023-01-10 07:57:00,Rising,
2023-01-10 11:13:00,High,1.79
2023-01-10 14:33:00,Falling,
2023-01-10 17:53:00,Low,0.44
2023-01-10 20:55:30,Rising,
2023-01-10 23:58:00,High,1.33
2023-01-11 02:39:30,Falling,
2023-01-11 05:21:00,Low,0.66
2023-01-11 08:34:30,Rising,
2023-01-11 11:48:00,High,1.74
2023-01-11 15:08:00,Falling,
2023-01-11 18:28:00,Low,0.46
2023-01-11 21:33:00,Rising,
2023-01-12 00:38:00,High,1.34
2023-01-12 03:21:00,Falling,
2023-01-12 06:04:00,Low,0.7
2023-01-12 09:14:30,Rising,
2023-01-12 12:25:00,High,1.67
2023-01-12 15:44:30,Falling,
2023-01-12 19:04:00,Low,0.48
2023-01-12 22:12:30,Rising,
2023-01-13 01:21:00,High,1.35
2023-01-13 04:06:00,Falling,
2023-01-13 06:51:00,Low,0.74
2023-01-13 09:57:00,Rising,
2023-01-13 13:03:00,High,1.59
2023-01-13 16:22:30,Falling,
2023-01-13 19:42:00,Low,0.51
2023-01-13 22:55:00,Rising,
2023-01-14 02:08:00,High,1.38
2023-01-14 04:56:30,Falling,
2023-01-14 07:45:00,Low,0.77
2023-01-14 10:46:30,Rising,
2023-01-14 13:48:00,High,1.5
2023-01-14 17:05:30,Falling,
2023-01-14 20:23:00,Low,0.53
2023-01-14 23:41:30,Rising,
2023-01-15 03:00:00,High,1.43
2023-01-15 05:54:00,Falling,
2023-01-15 08:48:00,Low,0.79
2023-01-15 11:45:00,Rising,
2023-01-15 14:42:00,High,1.4
2023-01-15 17:55:00,Falling,
2023-01-15 21:08:00,Low,0.56
2023-01-16 00:31:30,Rising,
2023-01-16 03:55:00,High,1.5
2023-01-16 06:59:00,Falling,
2023-01-16 10:03:00,Low,0.77
2023-01-16 12:56:00,Rising,
2023-01-16 15:49:00,High,1.32
2023-01-16 18:54:30,Falling,
2023-01-16 22:00:00,Low,0.58
2023-01-17 01:26:00,Rising,
2023-01-17 04:52:00,High,1.59
2023-01-17 08:07:00,Falling,
2023-01-17 11:22:00,Low,0.7
2023-01-17 14:14:00,Rising,
2023-01-17 17:06:00,High,1.28
2023-01-17 20:01:30,Falling,
2023-01-17 22:57:00,Low,0.58
2023-01-18 02:23:00,Rising,
2023-01-18 05:49:00,High,1.7
2023-01-18 09:11:30,Falling,
2023-01-18 12:34:00,Low,0.58
2023-01-18 15:27:00,Rising,
2023-01-18 18:20:00,High,1.28
2023-01-18 21:08:30,Falling,
2023-01-18 23:57:00,Low,0.57
2023-01-19 03:21:00,Rising,
2023-01-19 06:45:00,High,1.83
2023-01-19 10:10:30,Falling,
2023-01-19 13:36:00,Low,0.45
2023-01-19 16:31:30,Rising,
2023-01-19 19:27:00,High,1.32
2023-01-19 22:11:00,Falling,
2023-01-20 00:55:00,Low,0.54
2023-01-20 04:17:30,Rising,
2023-01-20 07:40:00,High,1.95
2023-01-20 11:05:30,Falling,
2023-01-20 14:31:00,Low,0.31
2023-01-20 17:28:30,Rising,
2023-01-20 20:26:00,High,1.38
2023-01-20 23:09:00,Falling,
2023-01-21 01:52:00,Low,0.49
2023-01-21 05:13:00,Rising,
2023-01-21 08:34:00,High,2.05
2023-01-21 11:58:30,Falling,
2023-01-21 15:23:00,Low,0.21
2023-01-21 18:22:00,Rising,
2023-01-21 21:21:00,High,1.43
2023-01-22 00:04:00,Falling,
2023-01-22 02:47:00,Low,0.45
2023-01-22 06:07:30,Rising,
2023-01-22 09:28:00,High,2.12
2023-01-22 12:50:00,Falling,
2023-01-22 16:12:00,Low,0.15
2023-01-22 19:13:30,Rising,
2023-01-22 22:15:00,High,1.48
2023-01-23 00:58:30,Falling,
2023-01-23 03:42:00,Low,0.43
2023-01-23 07:00:30,Rising,
2023-01-23 10:19:00,High,2.13
2023-01-23 13:39:30,Falling,
2023-01-23 17:00:00,Low,0.14
2023-01-23 20:02:00,Rising,
2023-01-23 23:04:00,High,1.51
2023-01-24 01:50:00,Falling,
2023-01-24 04:36:00,Low,0.43
2023-01-24 07:52:30,Rising,
2023-01-24 11:09:00,High,2.08
2023-01-24 14:27:30,Falling,
2023-01-24 17:46:00,Low,0.18
2023-01-24 20:50:30,Rising,
2023-01-24 23:55:00,High,1.54
2023-01-25 02:42:30,Falling,
2023-01-25 05:30:00,Low,0.46
2023-01-25 08:44:00,Rising,
2023-01-25 11:58:00,High,1.97
2023-01-25 15:15:00,Falling,
2023-01-25 18:32:00,Low,0.25
2023-01-25 21:38:30,Rising,
2023-01-26 00:45:00,High,1.55
2023-01-26 03:36:00,Falling,
2023-01-26 06:27:00,Low,0.53
2023-01-26 09:36:00,Rising,
2023-01-26 12:45:00,High,1.8
2023-01-26 16:00:30,Falling,
2023-01-26 19:16:00,Low,0.34
2023-01-26 22:25:30,Rising,
2023-01-27 01:35:00,High,1.55
2023-01-27 04:30:30,Falling,
2023-01-27 07:26:00,Low,0.61
2023-01-27 10:30:00,Rising,
2023-01-27 13:34:00,High,1.61
2023-01-27 16:47:00,Falling,
2023-01-27 20:00:00,Low,0.45
2023-01-27 23:14:00,Rising,
2023-01-28 02:28:00,High,1.55
2023-01-28 05:29:00,Falling,
2023-01-28 08:30:00,Low,0.69
2023-01-28 11:28:30,Rising,
2023-01-28 14:27:00,High,1.42
2023-01-28 17:36:00,Falling,
2023-01-28 20:45:00,Low,0.55
2023-01-29 00:04:30,Rising,
2023-01-29 03:24:00,High,1.55
2023-01-29 06:34:00,Falling,
2023-01-29 09:44:00,Low,0.74
2023-01-29 12:36:30,Rising,
2023-01-29 15:29:00,High,1.27
2023-01-29 18:30:00,Falling,
2023-01-29 21:31:00,Low,0.64
2023-01-30 00:57:00,Rising,
2023-01-30 04:23:00,High,1.57
2023-01-30 07:44:30,Falling,
2023-01-30 11:06:00,Low,0.75
2023-01-30 13:54:30,Rising,
2023-01-30 16:43:00,High,1.17
2023-01-30 19:34:00,Falling,
2023-01-30 22:25:00,Low,0.7
2023-01-31 01:53:00,Rising,
2023-01-31 05:21:00,High,1.59
2023-01-31 08:52:00,Falling,
2023-01-31 12:23:00,Low,0.71
2023-01-31 15:11:30,Rising,
2023-01-31 18:00:00,High,1.14
2023-01-31 20:41:30,Falling,
2023-01-31 23:23:00,Low,0.73
2023-02-01 02:49:30,Rising,
2023-02-01 06:16:00,High,1.63
2023-02-01 09:48:30,Falling,
2023-02-01 13:21:00,Low,0.64
2023-02-01 16:13:00,Rising,
2023-02-01 19:05:00,High,1.17
2023-02-01 21:42:00,Falling,
2023-02-02 00:19:00,Low,0.72
2023-02-02 03:42:00,Rising,
2023-02-02 07:05:00,High,1.67
2023-02-02 10:35:00,Falling,
2023-02-02 14:05:00,Low,0.57
2023-02-02 17:00:00,Rising,
2023-02-02 19:55:00,High,1.22
2023-02-02 22:32:30,Falling,
2023-02-03 01:10:00,Low,0.7
2023-02-03 04:30:00,Rising,
2023-02-03 07:50:00,High,1.72
2023-02-03 11:16:00,Falling,
2023-02-03 14:42:00,Low,0.51
2023-02-03 17:38:30,Rising,
2023-02-03 20:35:00,High,1.28
2023-02-03 23:15:00,Falling,
2023-02-04 01:55:00,Low,0.66
2023-02-04 05:12:30,Rising,
2023-02-04 08:30:00,High,1.76
2023-02-04 11:52:30,Falling,
2023-02-04 15:15:00,Low,0.46
2023-02-04 18:13:30,Rising,
2023-02-04 21:12:00,High,1.33
2023-02-04 23:53:00,Falling,
2023-02-05 02:34:00,Low,0.62
2023-02-05 05:51:00,Rising,
2023-02-05 09:08:00,High,1.79
2023-02-05 12:27:30,Falling,
2023-02-05 15:47:00,Low,0.43
2023-02-05 18:46:00,Rising,
2023-02-05 21:45:00,High,1.36
2023-02-06 00:28:30,Falling,
2023-02-06 03:12:00,Low,0.59
2023-02-06 06:28:00,Rising,
2023-02-06 09:44:00,High,1.81
2023-02-06 13:01:00,Falling,
2023-02-06 16:18:00,Low,0.41
2023-02-06 19:18:30,Rising,
2023-02-06 22:19:00,High,1.39
2023-02-07 01:03:30,Falling,
2023-02-07 03:48:00,Low,0.57
2023-02-07 07:02:30,Rising,
2023-02-07 10:17:00,High,1.81
2023-02-07 13:33:00,Falling,
2023-02-07 16:49:00,Low,0.4
2023-02-07 19:50:30,Rising,
2023-02-07 22:52:00,High,1.42
2023-02-08 01:38:30,Falling,
2023-02-08 04:25:00,Low,0.57
2023-02-08 07:37:30,Rising,
2023-02-08 10:50:00,High,1.79
2023-02-08 14:04:00,Falling,
2023-02-08 17:18:00,Low,0.41
2023-02-08 20:22:00,Rising,
2023-02-08 23:26:00,High,1.45
2023-02-09 02:14:30,Falling,
2023-02-09 05:03:00,Low,0.59
2023-02-09 08:13:30,Rising,
2023-02-09 11:24:00,High,1.74
2023-02-09 14:36:30,Falling,
2023-02-09 17:49:00,Low,0.43
2023-02-09 20:55:00,Rising,
2023-02-10 00:01:00,High,1.47
2023-02-10 02:52:30,Falling,
2023-02-10 05:44:00,Low,0.62
2023-02-10 08:51:00,Rising,
2023-02-10 11:58:00,High,1.66
2023-02-10 15:09:00,Falling,
2023-02-10 18:20:00,Low,0.46
2023-02-10 21:29:30,Rising,
2023-02-11 00:39:00,High,1.49
2023-02-11 03:34:00,Falling,
2023-02-11 06:29:00,Low,0.66
2023-02-11 09:31:30,Rising,
2023-02-11 12:34:00,High,1.56
2023-02-11 15:43:00,Falling,
2023-02-11 18:52:00,Low,0.5
2023-02-11 22:06:30,Rising,
2023-02-12 01:21:00,High,1.51
2023-02-12 04:20:00,Falling,
2023-02-12 07:19:00,Low,0.7
2023-02-12 10:17:30,Rising,
2023-02-12 13:16:00,High,1.45
2023-02-12 16:22:30,Falling,
2023-02-12 19:29:00,Low,0.56
2023-02-12 22:48:30,Rising,
2023-02-13 02:08:00,High,1.53
2023-02-13 05:14:00,Falling,
2023-02-13 08:20:00,Low,0.73
2023-02-13 11:15:00,Rising,
2023-02-13 14:10:00,High,1.34
2023-02-13 17:11:30,Falling,
2023-02-13 20:13:00,Low,0.62
2023-02-13 23:38:30,Rising,
2023-02-14 03:04:00,High,1.56
2023-02-14 06:20:00,Falling,
2023-02-14 09:36:00,Low,0.72
2023-02-14 12:28:30,Rising,
2023-02-14 15:21:00,High,1.25
2023-02-14 18:16:30,Falling,
2023-02-14 21:12:00,Low,0.67
2023-02-15 00:41:30,Rising,
2023-02-15 04:11:00,High,1.61
2023-02-15 07:36:30,Falling,
2023-02-15 11:02:00,Low,0.67
2023-02-15 13:56:30,Rising,
2023-02-15 16:51:00,High,1.21
2023-02-15 19:38:30,Falling,
2023-02-15 22:26:00,Low,0.69
2023-02-16 01:53:30,Rising,
2023-02-16 05:21:00,High,1.69
2023-02-16 08:50:00,Falling,
2023-02-16 12:19:00,Low,0.56
2023-02-16 15:16:30,Rising,
2023-02-16 18:14:00,High,1.25
2023-02-16 20:57:30,Falling,
2023-02-16 23:41:00,Low,0.66
2023-02-17 03:04:00,Rising,
2023-02-17 06:27:00,High,1.81
2023-02-17 09:55:00,Falling,
2023-02-17 13:23:00,Low,0.43
2023-02-17 16:22:00,Rising,
2023-02-17 19:21:00,High,1.33
2023-02-17 22:03:30,Falling,
2023-02-18 00:46:00,Low,0.59
2023-02-18 04:06:30,Rising,
2023-02-18 07:27:00,High,1.93
2023-02-18 10:51:30,Falling,
2023-02-18 14:16:00,Low,0.3
2023-02-18 17:16:30,Rising,
2023-02-18 20:17:00,High,1.43
2023-02-18 23:01:00,Falling,
2023-02-19 01:45:00,Low,0.5
2023-02-19 05:03:30,Rising,
2023-02-19 08:22:00,High,2.03
2023-02-19 11:43:30,Falling,
2023-02-19 15:05:00,Low,0.21
2023-02-19 18:06:30,Rising,
2023-02-19 21:08:00,High,1.52
2023-02-19 23:54:00,Falling,
2023-02-20 02:40:00,Low,0.42
2023-02-20 05:57:00,Rising,
2023-02-20 09:14:00,High,2.08
2023-02-20 12:32:00,Falling,
2023-02-20 15:50:00,Low,0.16
2023-02-20 18:52:30,Rising,
2023-02-20 21:55:00,High,1.59
2023-02-21 00:44:00,Falling,
2023-02-21 03:33:00,Low,0.38
2023-02-21 06:48:00,Rising,
2023-02-21 10:03:00,High,2.07
2023-02-21 13:18:00,Falling,
2023-02-21 16:33:00,Low,0.17
2023-02-21 19:37:00,Rising,
2023-02-21 22:41:00,High,1.65
2023-02-22 01:33:00,Falling,
2023-02-22 04:25:00,Low,0.37
2023-02-22 07:37:30,Rising,
2023-02-22 10:50:00,High,1.99
2023-02-22 14:02:30,Falling,
2023-02-22 17:15:00,Low,0.22
2023-02-22 20:21:00,Rising,
2023-02-22 23:27:00,High,1.68
2023-02-23 02:22:00,Falling,
2023-02-23 05:17:00,Low,0.41
2023-02-23 08:26:30,Rising,
2023-02-23 11:36:00,High,1.85
2023-02-23 14:45:30,Falling,
2023-02-23 17:55:00,Low,0.31
2023-02-23 21:03:00,Rising,
2023-02-24 00:11:00,High,1.69
2023-02-24 03:11:30,Falling,
2023-02-24 06:12:00,Low,0.48
2023-02-24 09:16:30,Rising,
2023-02-24 12:21:00,High,1.67
2023-02-24 15:27:00,Falling,
2023-02-24 18:33:00,Low,0.42
2023-02-24 21:44:30,Rising,
2023-02-25 00:56:00,High,1.67
2023-02-25 04:01:30,Falling,
2023-02-25 07:07:00,Low,0.57
2023-02-25 10:07:00,Rising,
2023-02-25 13:07:00,High,1.48
2023-02-25 16:09:00,Falling,
2023-02-25 19:11:00,Low,0.54
2023-02-25 22:27:00,Rising,
2023-02-26 01:43:00,High,1.64
2023-02-26 04:55:30,Falling,
2023-02-26 08:08:00,Low,0.66
2023-02-26 11:02:30,Rising,
2023-02-26 13:57:00,High,1.31
2023-02-26 16:53:00,Falling,
2023-02-26 19:49:00,Low,0.66
2023-02-26 23:11:00,Rising,
2023-02-27 02:33:00,High,1.59
2023-02-27 05:54:30,Falling,
2023-02-27 09:16:00,Low,0.73
2023-02-27 12:06:30,Rising,
2023-02-27 14:57:00,High,1.18
2023-02-27 17:46:00,Falling,
2023-02-27 20:35:00,Low,0.76
2023-02-28 00:03:00,Rising,
2023-02-28 03:31:00,High,1.55
2023-02-28 07:02:30,Falling,
2023-02-28 10:34:00,Low,0.75
2023-02-28 13:26:30,Rising,
2023-02-28 16:19:00,High,1.12
2023-02-28 18:58:30,Falling,
2023-02-28 21:38:00,Low,0.82
2023-03-01 01:07:00,Rising,
2023-03-01 04:36:00,High,1.54
2023-03-01 08:14:00,Falling,
2023-03-01 11:52:00,Low,0.72
2023-03-01 14:50:00,Rising,
2023-03-01 17:48:00,High,1.13
2023-03-01 20:20:30,Falling,
2023-03-01 22:53:00,Low,0.84
2023-03-02 02:17:30,Rising,
2023-03-02 05:42:00,High,1.55
2023-03-02 09:16:30,Falling,
2023-03-02 12:51:00,Low,0.67
2023-03-02 15:51:00,Rising,
2023-03-02 18:51:00,High,1.2
2023-03-02 21:26:30,Falling,
2023-03-03 00:02:00,Low,0.81
2023-03-03 03:20:30,Rising,
2023-03-03 06:39:00,High,1.6
2023-03-03 10:07:30,Falling,
2023-03-03 13:36:00,Low,0.6
2023-03-03 16:36:30,Rising,
2023-03-03 19:37:00,High,1.27
2023-03-03 22:17:30,Falling,
2023-03-04 00:58:00,Low,0.75
2023-03-04 04:12:00,Rising,
2023-03-04 07:26:00,High,1.66
2023-03-04 10:49:30,Falling,
2023-03-04 14:13:00,Low,0.54
2023-03-04 17:13:30,Rising,
2023-03-04 20:14:00,High,1.34
2023-03-04 22:58:00,Falling,
2023-03-05 01:42:00,Low,0.68
2023-03-05 04:54:30,Rising,
2023-03-05 08:07:00,High,1.71
2023-03-05 11:26:00,Falling,
2023-03-05 14:45:00,Low,0.49
2023-03-05 17:46:00,Rising,
2023-03-05 20:47:00,High,1.41
2023-03-05 23:34:00,Falling,
2023-03-06 02:21:00,Low,0.62
2023-03-06 05:33:00,Rising,
2023-03-06 08:45:00,High,1.75
2023-03-06 12:00:00,Falling,
2023-03-06 15:15:00,Low,0.45
2023-03-06 18:17:00,Rising,
2023-03-06 21:19:00,High,1.46
2023-03-07 00:08:00,Falling,
2023-03-07 02:57:00,Low,0.57
2023-03-07 06:07:30,Rising,
2023-03-07 09:18:00,High,1.77
2023-03-07 12:31:00,Falling,
2023-03-07 15:44:00,Low,0.42
2023-03-07 18:47:00,Rising,
2023-03-07 21:50:00,High,1.51
2023-03-08 00:41:00,Falling,
2023-03-08 03:32:00,Low,0.54
2023-03-08 06:42:00,Rising,
2023-03-08 09:52:00,High,1.77
2023-03-08 13:02:00,Falling,
2023-03-08 16:12:00,Low,0.41
2023-03-08 19:16:30,Rising,
2023-03-08 22:21:00,High,1.57
2023-03-09 01:15:00,Falling,
2023-03-09 04:09:00,Low,0.53
2023-03-09 07:17:00,Rising,
2023-03-09 10:25:00,High,1.74
2023-03-09 13:32:30,Falling,
2023-03-09 16:40:00,Low,0.42
2023-03-09 19:47:00,Rising,
2023-03-09 22:54:00,High,1.61
2023-03-10 01:50:30,Falling,
2023-03-10 04:47:00,Low,0.53
2023-03-10 07:53:30,Rising,
2023-03-10 11:00:00,High,1.68
2023-03-10 14:04:00,Falling,
2023-03-10 17:08:00,Low,0.45
2023-03-10 20:18:00,Rising,
2023-03-10 23:28:00,High,1.65
2023-03-11 02:28:30,Falling,
2023-03-11 05:29:00,Low,0.55
2023-03-11 08:32:30,Rising,
2023-03-11 11:36:00,High,1.6
2023-03-11 14:37:00,Falling,
2023-03-11 17:38:00,Low,0.49
2023-03-11 20:50:30,Rising,
2023-03-12 00:03:00,High,1.67
2023-03-12 03:09:00,Falling,
2023-03-12 06:15:00,Low,0.58
2023-03-12 09:15:00,Rising,
2023-03-12 12:15:00,High,1.5
2023-03-12 15:13:00,Falling,
2023-03-12 18:11:00,Low,0.56
2023-03-12 21:27:30,Rising,
2023-03-13 00:44:00,High,1.67
2023-03-13 03:55:30,Falling,
2023-03-13 07:07:00,Low,0.62
2023-03-13 10:04:30,Rising,
2023-03-13 13:02:00,High,1.39
2023-03-13 15:55:30,Falling,
2023-03-13 18:49:00,Low,0.64
2023-03-13 22:09:30,Rising,
2023-03-14 01:30:00,High,1.65
2023-03-14 04:50:00,Falling,
2023-03-14 08:10:00,Low,0.66
2023-03-14 11:05:30,Rising,
2023-03-14 14:01:00,High,1.29
2023-03-14 16:49:30,Falling,
2023-03-14 19:38:00,Low,0.72
2023-03-14 23:04:00,Rising,
2023-03-15 02:30:00,High,1.64
2023-03-15 05:58:30,Falling,
2023-03-15 09:27:00,Low,0.66
2023-03-15 12:23:30,Rising,
2023-03-15 15:20:00,High,1.22
2023-03-15 18:03:30,Falling,
2023-03-15 20:47:00,Low,0.78
2023-03-16 00:16:00,Rising,
2023-03-16 03:45:00,High,1.65
2023-03-16 07:18:00,Falling,
2023-03-16 10:51:00,Low,0.62
2023-03-16 13:52:00,Rising,
2023-03-16 16:53:00,High,1.23
2023-03-16 19:34:00,Falling,
2023-03-16 22:15:00,Low,0.78
2023-03-17 01:39:00,Rising,
2023-03-17 05:03:00,High,1.7
2023-03-17 08:33:30,Falling,
2023-03-17 12:04:00,Low,0.52
2023-03-17 15:07:30,Rising,
2023-03-17 18:11:00,High,1.31
2023-03-17 20:53:00,Falling,
2023-03-17 23:35:00,Low,0.72
2023-03-18 02:54:00,Rising,
2023-03-18 06:13:00,High,1.8
2023-03-18 09:38:00,Falling,
2023-03-18 13:03:00,Low,0.41
2023-03-18 16:07:00,Rising,
2023-03-18 19:11:00,High,1.42
2023-03-18 21:56:00,Falling,
2023-03-19 00:41:00,Low,0.61
2023-03-19 03:56:30,Rising,
2023-03-19 07:12:00,High,1.9
2023-03-19 10:33:00,Falling,
2023-03-19 13:54:00,Low,0.32
2023-03-19 16:57:00,Rising,
2023-03-19 20:00:00,High,1.54
2023-03-19 22:49:30,Falling,
2023-03-20 01:39:00,Low,0.51
2023-03-20 04:52:00,Rising,
2023-03-20 08:05:00,High,1.96
2023-03-20 11:22:00,Falling,
2023-03-20 14:39:00,Low,0.26
2023-03-20 17:43:00,Rising,
2023-03-20 20:47:00,High,1.65
2023-03-20 23:39:30,Falling,
2023-03-21 02:32:00,Low,0.42
2023-03-21 05:43:30,Rising,
2023-03-21 08:55:00,High,1.97
2023-03-21 12:07:30,Falling,
2023-03-21 15:20:00,Low,0.24
2023-03-21 18:25:30,Rising,
2023-03-21 21:31:00,High,1.73
2023-03-22 00:27:00,Falling,
2023-03-22 03:23:00,Low,0.38
2023-03-22 06:33:00,Rising,
2023-03-22 09:43:00,High,1.92
2023-03-22 12:51:30,Falling,
2023-03-22 16:00:00,Low,0.27
2023-03-22 19:07:00,Rising,
2023-03-22 22:14:00,High,1.8
2023-03-23 01:14:30,Falling,
2023-03-23 04:15:00,Low,0.38
2023-03-23 07:22:00,Rising,
2023-03-23 10:29:00,High,1.82
2023-03-23 13:33:30,Falling,
2023-03-23 16:38:00,Low,0.34
2023-03-23 19:47:00,Rising,
2023-03-23 22:56:00,High,1.83
2023-03-24 02:00:30,Falling,
2023-03-24 05:05:00,Low,0.41
2023-03-24 08:09:30,Rising,
2023-03-24 11:14:00,High,1.68
2023-03-24 14:14:00,Falling,
2023-03-24 17:14:00,Low,0.44
2023-03-24 20:25:30,Rising,
2023-03-24 23:37:00,High,1.82
2023-03-25 02:46:30,Falling,
2023-03-25 05:56:00,Low,0.48
2023-03-25 08:57:30,Rising,
2023-03-25 11:59:00,High,1.53
2023-03-25 14:53:30,Falling,
2023-03-25 17:48:00,Low,0.55
2023-03-25 21:02:30,Rising,
2023-03-26 00:17:00,High,1.78
2023-03-26 03:32:30,Falling,
2023-03-26 06:48:00,Low,0.56
2023-03-26 09:46:30,Rising,
2023-03-26 12:45:00,High,1.38
2023-03-26 15:33:30,Falling,
2023-03-26 18:22:00,Low,0.67
2023-03-26 21:40:30,Rising,
2023-03-27 00:59:00,High,1.72
2023-03-27 04:21:00,Falling,
2023-03-27 07:43:00,Low,0.64
2023-03-27 10:38:00,Rising,
2023-03-27 13:33:00,High,1.26
2023-03-27 16:16:00,Falling,
2023-03-27 18:59:00,Low,0.78
2023-03-27 22:21:30,Rising,
2023-03-28 01:44:00,High,1.64
2023-03-28 05:14:00,Falling,
2023-03-28 08:44:00,Low,0.7
2023-03-28 11:38:30,Rising,
2023-03-28 14:33:00,High,1.18
2023-03-28 17:09:30,Falling,
2023-03-28 19:46:00,Low,0.86
2023-03-28 23:11:30,Rising,
2023-03-29 02:37:00,High,1.57
2023-03-29 06:14:30,Falling,
2023-03-29 09:52:00,Low,0.74
2023-03-29 12:53:00,Rising,
2023-03-29 15:54:00,High,1.15
2023-03-29 18:25:30,Falling,
2023-03-29 20:57:00,Low,0.92
2023-03-30 00:21:00,Rising,
2023-03-30 03:45:00,High,1.52
2023-03-30 07:23:30,Falling,
2023-03-30 11:02:00,Low,0.73
2023-03-30 14:11:00,Rising,
2023-03-30 17:20:00,High,1.19
2023-03-30 19:51:00,Falling,
2023-03-30 22:22:00,Low,0.92
2023-03-31 01:40:00,Rising,
2023-03-31 04:58:00,High,1.52
2023-03-31 08:30:00,Falling,
2023-03-31 12:02:00,Low,0.69
2023-03-31 15:11:00,Rising,
2023-03-31 18:20:00,High,1.26
2023-03-31 20:58:30,Falling,
2023-03-31 23:37:00,Low,0.87
2023-04-01 02:48:30,Rising,
2023-04-01 06:00:00,High,1.56
2023-04-01 09:25:00,Falling,
2023-04-01 12:50:00,Low,0.64
2023-04-01 15:57:00,Rising,
2023-04-01 19:04:00,High,1.35
2023-04-01 21:49:00,Falling,
2023-04-02 00:34:00,Low,0.8
2023-04-02 03:12:00,Rising,
2023-04-02 05:50:00,High,1.61
2023-04-02 09:09:30,Falling,
2023-04-02 12:29:00,Low,0.58
2023-04-02 15:35:00,Rising,
2023-04-02 18:41:00,High,1.43
2023-04-02 21:30:00,Falling,
2023-04-03 00:19:00,Low,0.72
2023-04-03 03:25:30,Rising,
2023-04-03 06:32:00,High,1.66
2023-04-03 09:47:00,Falling,
2023-04-03 13:02:00,Low,0.53
2023-04-03 16:08:00,Rising,
2023-04-03 19:14:00,High,1.51
2023-04-03 22:07:00,Falling,
2023-04-04 01:00:00,Low,0.64
2023-04-04 04:05:00,Rising,
2023-04-04 07:10:00,High,1.7
2023-04-04 10:20:30,Falling,
2023-04-04 13:31:00,Low,0.49
2023-04-04 16:38:00,Rising,
2023-04-04 19:45:00,High,1.59
2023-04-04 22:40:30,Falling,
2023-04-05 01:36:00,Low,0.58
2023-04-05 04:40:30,Rising,
2023-04-05 07:45:00,High,1.71
2023-04-05 10:52:30,Falling,
2023-04-05 14:00:00,Low,0.47
2023-04-05 17:07:30,Rising,
2023-04-05 20:15:00,High,1.66
2023-04-05 23:14:30,Falling,
2023-04-06 02:14:00,Low,0.54
2023-04-06 05:18:00,Rising,
2023-04-06 08:22:00,High,1.69
2023-04-06 11:25:30,Falling,
2023-04-06 14:29:00,Low,0.46
2023-04-06 17:38:00,Rising,
2023-04-06 20:47:00,High,1.74
2023-04-06 23:49:30,Falling,
2023-04-07 02:52:00,Low,0.51
2023-04-07 05:55:30,Rising,
2023-04-07 08:59:00,High,1.66
2023-04-07 11:58:30,Falling,
2023-04-07 14:58:00,Low,0.48
2023-04-07 18:09:30,Rising,
2023-04-07 21:21:00,High,1.79
2023-04-08 00:27:00,Falling,
2023-04-08 03:33:00,Low,0.49
2023-04-08 06:35:30,Rising,
2023-04-08 09:38:00,High,1.6
2023-04-08 12:34:00,Falling,
2023-04-08 15:30:00,Low,0.52
2023-04-08 18:43:30,Rising,
2023-04-08 21:57:00,High,1.83
2023-04-09 01:07:30,Falling,
2023-04-09 04:18:00,Low,0.5
2023-04-09 07:19:30,Rising,
2023-04-09 10:21:00,High,1.52
2023-04-09 13:12:30,Falling,
2023-04-09 16:04:00,Low,0.58
2023-04-09 19:19:30,Rising,
2023-04-09 22:35:00,High,1.83
2023-04-10 01:51:30,Falling,
2023-04-10 05:08:00,Low,0.52
2023-04-10 08:08:30,Rising,
2023-04-10 11:09:00,High,1.44
2023-04-10 13:56:00,Falling,
2023-04-10 16:43:00,Low,0.65
2023-04-10 20:00:30,Rising,
2023-04-10 23:18:00,High,1.81
2023-04-11 02:40:30,Falling,
2023-04-11 06:03:00,Low,0.56
2023-04-11 09:03:00,Rising,
2023-04-11 12:03:00,High,1.35
2023-04-11 14:46:00,Falling,
2023-04-11 17:29:00,Low,0.74
2023-04-11 20:49:30,Rising,
2023-04-12 00:10:00,High,1.76
2023-04-12 03:39:30,Falling,
2023-04-12 07:09:00,Low,0.59
2023-04-12 10:09:00,Rising,
2023-04-12 13:09:00,High,1.29
2023-04-12 15:49:00,Falling,
2023-04-12 18:29:00,Low,0.81
2023-04-12 21:51:30,Rising,
2023-04-13 01:14:00,High,1.72
2023-04-13 04:48:30,Falling,
2023-04-13 08:23:00,Low,0.6
2023-04-13 11:26:30,Rising,
2023-04-13 14:30:00,High,1.27
2023-04-13 17:08:00,Falling,
2023-04-13 19:46:00,Low,0.85
2023-04-13 23:08:00,Rising,
2023-04-14 02:30:00,High,1.7
2023-04-14 06:03:30,Falling,
2023-04-14 09:37:00,Low,0.56
2023-04-14 12:44:00,Rising,
2023-04-14 15:51:00,High,1.33
2023-04-14 18:32:00,Falling,
2023-04-14 21:13:00,Low,0.82
2023-04-15 00:30:30,Rising,
2023-04-15 03:48:00,High,1.73
2023-04-15 07:14:30,Falling,
2023-04-15 10:41:00,Low,0.5
2023-04-15 13:49:00,Rising,
2023-04-15 16:57:00,High,1.43
2023-04-15 19:43:00,Falling,
2023-04-15 22:29:00,Low,0.74
2023-04-16 01:42:00,Rising,
2023-04-16 04:55:00,High,1.78
2023-04-16 08:15:00,Falling,
2023-04-16 11:35:00,Low,0.43
2023-04-16 14:42:30,Rising,
2023-04-16 17:50:00,High,1.55
2023-04-16 20:41:30,Falling,
2023-04-16 23:33:00,Low,0.64
2023-04-17 02:42:30,Rising,
2023-04-17 05:52:00,High,1.83
2023-04-17 09:07:00,Falling,
2023-04-17 12:22:00,Low,0.38
2023-04-17 15:30:00,Rising,
2023-04-17 18:38:00,High,1.67
2023-04-17 21:34:00,Falling,
2023-04-18 00:30:00,Low,0.54
2023-04-18 03:37:30,Rising,
2023-04-18 06:45:00,High,1.83
2023-04-18 09:54:30,Falling,
2023-04-18 13:04:00,Low,0.36
2023-04-18 16:13:00,Rising,
2023-04-18 19:22:00,High,1.78
2023-04-18 22:22:30,Falling,
2023-04-19 01:23:00,Low,0.47
2023-04-19 04:28:00,Rising,
2023-04-19 07:33:00,High,1.8
2023-04-19 10:38:30,Falling,
2023-04-19 13:44:00,Low,0.38
2023-04-19 16:54:00,Rising,
2023-04-19 20:04:00,High,1.86
2023-04-19 23:09:00,Falling,
2023-04-20 02:14:00,Low,0.43
2023-04-20 05:17:30,Rising,
2023-04-20 08:21:00,High,1.72
2023-04-20 11:21:00,Falling,
2023-04-20 14:21:00,Low,0.42
2023-04-20 17:33:00,Rising,
2023-04-20 20:45:00,High,1.91
2023-04-20 23:53:30,Falling,
2023-04-21 03:02:00,Low,0.42
2023-04-21 06:04:30,Rising,
2023-04-21 09:07:00,High,1.62
2023-04-21 12:02:00,Falling,
2023-04-21 14:57:00,Low,0.5
2023-04-21 18:10:30,Rising,
2023-04-21 21:24:00,High,1.93
2023-04-22 00:37:30,Falling,
2023-04-22 03:51:00,Low,0.45
2023-04-22 06:52:00,Rising,
2023-04-22 09:53:00,High,1.52
2023-04-22 12:42:30,Falling,
2023-04-22 15:32:00,Low,0.59
2023-04-22 18:47:00,Rising,
2023-04-22 22:02:00,High,1.91
2023-04-23 01:20:00,Falling,
2023-04-23 04:38:00,Low,0.5
2023-04-23 07:38:00,Rising,
2023-04-23 10:38:00,High,1.42
2023-04-23 13:22:00,Falling,
2023-04-23 16:06:00,Low,0.69
2023-04-23 19:23:00,Rising,
2023-04-23 22:40:00,High,1.85
2023-04-24 02:03:00,Falling,
2023-04-24 05:26:00,Low,0.56
2023-04-24 08:25:00,Rising,
2023-04-24 11:24:00,High,1.33
2023-04-24 14:02:30,Falling,
2023-04-24 16:41:00,Low,0.78
2023-04-24 19:59:30,Rising,
2023-04-24 23:18:00,High,1.78
2023-04-25 02:46:30,Falling,
2023-04-25 06:15:00,Low,0.62
2023-04-25 09:14:00,Rising,
2023-04-25 12:13:00,High,1.27
2023-04-25 14:47:00,Falling,
2023-04-25 17:21:00,Low,0.86
2023-04-25 20:40:30,Rising,
2023-04-26 00:00:00,High,1.69
2023-04-26 03:33:30,Falling,
2023-04-26 07:07:00,Low,0.68
2023-04-26 10:07:30,Rising,
2023-04-26 13:08:00,High,1.23
2023-04-26 15:40:30,Falling,
2023-04-26 18:13:00,Low,0.92
2023-04-26 21:32:00,Rising,
2023-04-27 00:51:00,High,1.61
2023-04-27 04:28:00,Falling,
2023-04-27 08:05:00,Low,0.72
2023-04-27 11:10:00,Rising,
2023-04-27 14:15:00,High,1.23
2023-04-27 16:47:30,Falling,
2023-04-27 19:20:00,Low,0.96
2023-04-27 22:36:30,Rising,
2023-04-28 01:53:00,High,1.55
2023-04-28 05:30:00,Falling,
2023-04-28 09:07:00,Low,0.73
2023-04-28 12:18:30,Rising,
2023-04-28 15:30:00,High,1.26
2023-04-28 18:05:30,Falling,
2023-04-28 20:41:00,Low,0.96
2023-04-28 23:52:30,Rising,
2023-04-29 03:04:00,High,1.52
2023-04-29 06:33:30,Falling,
2023-04-29 10:03:00,Low,0.7
2023-04-29 13:16:30,Rising,
2023-04-29 16:30:00,High,1.33
2023-04-29 19:13:00,Falling,
2023-04-29 21:56:00,Low,0.92
2023-04-30 01:02:30,Rising,
2023-04-30 04:09:00,High,1.54
2023-04-30 07:30:30,Falling,
2023-04-30 10:52:00,Low,0.66
2023-04-30 14:04:30,Rising,
2023-04-30 17:17:00,High,1.42
2023-04-30 20:07:00,Falling,
2023-04-30 22:57:00,Low,0.85
2023-05-01 01:59:30,Rising,
2023-05-01 05:02:00,High,1.57
2023-05-01 08:17:00,Falling,
2023-05-01 11:32:00,Low,0.61
2023-05-01 14:44:00,Rising,
2023-05-01 17:56:00,High,1.51
2023-05-01 20:51:30,Falling,
2023-05-01 23:47:00,Low,0.77
2023-05-02 02:47:30,Rising,
2023-05-02 05:48:00,High,1.6
2023-05-02 08:58:00,Falling,
2023-05-02 12:08:00,Low,0.57
2023-05-02 15:19:00,Rising,
2023-05-02 18:30:00,High,1.61
2023-05-02 21:30:30,Falling,
2023-05-03 00:31:00,Low,0.68
2023-05-03 03:30:30,Rising,
2023-05-03 06:30:00,High,1.61
2023-05-03 09:35:00,Falling,
2023-05-03 12:40:00,Low,0.54
2023-05-03 15:52:00,Rising,
2023-05-03 19:04:00,High,1.71
2023-05-03 22:08:00,Falling,
2023-05-04 01:12:00,Low,0.61
2023-05-04 04:11:00,Rising,
2023-05-04 07:10:00,High,1.61
2023-05-04 10:10:30,Falling,
2023-05-04 13:11:00,Low,0.53
2023-05-04 16:24:30,Rising,
2023-05-04 19:38:00,High,1.8
2023-05-04 22:45:30,Falling,
2023-05-05 01:53:00,Low,0.54
2023-05-05 04:52:00,Rising,
2023-05-05 07:51:00,High,1.6
2023-05-05 10:47:30,Falling,
2023-05-05 13:44:00,Low,0.53
2023-05-05 16:58:30,Rising,
2023-05-05 20:13:00,High,1.89
2023-05-05 23:24:30,Falling,
2023-05-06 02:36:00,Low,0.48
2023-05-06 05:35:30,Rising,
2023-05-06 08:35:00,High,1.57
2023-05-06 11:26:30,Falling,
2023-05-06 14:18:00,Low,0.55
2023-05-06 17:34:30,Rising,
2023-05-06 20:51:00,High,1.95
2023-05-07 00:06:00,Falling,
2023-05-07 03:21:00,Low,0.44
2023-05-07 06:21:30,Rising,
2023-05-07 09:22:00,High,1.52
2023-05-07 12:09:30,Falling,
2023-05-07 14:57:00,Low,0.59
2023-05-07 18:14:00,Rising,
2023-05-07 21:31:00,High,1.97
2023-05-08 00:50:30,Falling,
2023-05-08 04:10:00,Low,0.44
2023-05-08 07:11:30,Rising,
2023-05-08 10:13:00,High,1.47
2023-05-08 12:56:30,Falling,
2023-05-08 15:40:00,Low,0.65
2023-05-08 18:58:00,Rising,
2023-05-08 22:16:00,High,1.96
2023-05-09 01:39:30,Falling,
2023-05-09 05:03:00,Low,0.45
2023-05-09 08:05:00,Rising,
2023-05-09 11:07:00,High,1.42
2023-05-09 13:48:00,Falling,
2023-05-09 16:29:00,Low,0.72
2023-05-09 19:47:00,Rising,
2023-05-09 23:05:00,High,1.92
2023-05-10 02:33:00,Falling,
2023-05-10 06:01:00,Low,0.48
2023-05-10 09:04:00,Rising,
2023-05-10 12:07:00,High,1.37
2023-05-10 14:46:00,Falling,
2023-05-10 17:25:00,Low,0.78
2023-05-10 20:43:00,Rising,
2023-05-11 00:01:00,High,1.86
2023-05-11 03:33:00,Falling,
2023-05-11 07:05:00,Low,0.51
2023-05-11 10:09:30,Rising,
2023-05-11 13:14:00,High,1.35
2023-05-11 15:52:00,Falling,
2023-05-11 18:30:00,Low,0.83
2023-05-11 21:47:30,Rising,
2023-05-12 01:05:00,High,1.8
2023-05-12 04:38:00,Falling,
2023-05-12 08:11:00,Low,0.53
2023-05-12 11:18:00,Rising,
2023-05-12 14:25:00,High,1.38
2023-05-12 17:05:00,Falling,
2023-05-12 19:45:00,Low,0.84
2023-05-12 23:01:00,Rising,
2023-05-13 02:17:00,High,1.75
2023-05-13 05:45:30,Falling,
2023-05-13 09:14:00,Low,0.52
2023-05-13 12:23:00,Rising,
2023-05-13 15:32:00,High,1.45
2023-05-13 18:17:30,Falling,
2023-05-13 21:03:00,Low,0.81
2023-05-14 00:16:00,Rising,
2023-05-14 03:29:00,High,1.73
2023-05-14 06:49:30,Falling,
2023-05-14 10:10:00,Low,0.5
2023-05-14 13:20:30,Rising,
2023-05-14 16:31:00,High,1.55
2023-05-14 19:24:00,Falling,
2023-05-14 22:17:00,Low,0.75
2023-05-15 01:24:30,Rising,
2023-05-15 04:32:00,High,1.71
2023-05-15 07:46:00,Falling,
2023-05-15 11:00:00,Low,0.48
2023-05-15 14:12:00,Rising,
2023-05-15 17:24:00,High,1.66
2023-05-15 20:23:30,Falling,
2023-05-15 23:23:00,Low,0.67
2023-05-16 02:26:00,Rising,
2023-05-16 05:29:00,High,1.69
2023-05-16 08:37:00,Falling,
2023-05-16 11:45:00,Low,0.47
2023-05-16 14:58:00,Rising,
2023-05-16 18:11:00,High,1.77
2023-05-16 21:16:30,Falling,
2023-05-17 00:22:00,Low,0.59
2023-05-17 03:22:00,Rising,
2023-05-17 06:22:00,High,1.64
2023-05-17 09:23:30,Falling,
2023-05-17 12:25:00,Low,0.49
2023-05-17 15:39:30,Rising,
2023-05-17 18:54:00,High,1.86
2023-05-17 22:04:30,Falling,
2023-05-18 01:15:00,Low,0.53
2023-05-18 04:13:30,Rising,
2023-05-18 07:12:00,High,1.59
2023-05-18 10:08:00,Falling,
2023-05-18 13:04:00,Low,0.52
2023-05-18 16:19:30,Rising,
2023-05-18 19:35:00,High,1.92
2023-05-18 22:49:30,Falling,
2023-05-19 02:04:00,Low,0.49
2023-05-19 05:02:00,Rising,
2023-05-19 08:00:00,High,1.52
2023-05-19 10:51:00,Falling,
2023-05-19 13:42:00,Low,0.57
2023-05-19 16:58:30,Rising,
2023-05-19 20:15:00,High,1.95
2023-05-19 23:32:30,Falling,
2023-05-20 02:50:00,Low,0.47
2023-05-20 05:48:30,Rising,
2023-05-20 08:47:00,High,1.46
2023-05-20 11:32:30,Falling,
2023-05-20 14:18:00,Low,0.63
2023-05-20 17:36:00,Rising,
2023-05-20 20:54:00,High,1.95
2023-05-21 00:14:00,Falling,
2023-05-21 03:34:00,Low,0.48
2023-05-21 06:33:30,Rising,
2023-05-21 09:33:00,High,1.41
2023-05-21 12:14:00,Falling,
2023-05-21 14:55:00,Low,0.7
2023-05-21 18:12:30,Rising,
2023-05-21 21:30:00,High,1.93
2023-05-22 00:53:00,Falling,
2023-05-22 04:16:00,Low,0.51
2023-05-22 07:16:30,Rising,
2023-05-22 10:17:00,High,1.36
2023-05-22 12:54:30,Falling,
2023-05-22 15:32:00,Low,0.76
2023-05-22 18:50:00,Rising,
2023-05-22 22:08:00,High,1.87
2023-05-23 01:33:30,Falling,
2023-05-23 04:59:00,Low,0.55
2023-05-23 08:00:00,Rising,
2023-05-23 11:01:00,High,1.33
2023-05-23 13:36:30,Falling,
2023-05-23 16:12:00,Low,0.81
2023-05-23 19:29:00,Rising,
2023-05-23 22:46:00,High,1.81
2023-05-24 02:14:00,Falling,
2023-05-24 05:42:00,Low,0.6
2023-05-24 08:44:00,Rising,
2023-05-24 11:46:00,High,1.31
2023-05-24 14:20:30,Falling,
2023-05-24 16:55:00,Low,0.86
2023-05-24 20:11:30,Rising,
2023-05-24 23:28:00,High,1.73
2023-05-25 02:58:00,Falling,
2023-05-25 06:28:00,Low,0.65
2023-05-25 09:31:30,Rising,
2023-05-25 12:35:00,High,1.29
2023-05-25 15:10:00,Falling,
2023-05-25 17:45:00,Low,0.9
2023-05-25 20:59:30,Rising,
2023-05-26 00:14:00,High,1.66
2023-05-26 03:46:00,Falling,
2023-05-26 07:18:00,Low,0.68
2023-05-26 10:24:00,Rising,
2023-05-26 13:30:00,High,1.3
2023-05-26 16:07:00,Falling,
2023-05-26 18:44:00,Low,0.93
2023-05-26 21:55:30,Rising,
2023-05-27 01:07:00,High,1.59
2023-05-27 04:39:00,Falling,
2023-05-27 08:11:00,Low,0.69
2023-05-27 11:20:30,Rising,
2023-05-27 14:30:00,High,1.33
2023-05-27 17:11:00,Falling,
2023-05-27 19:52:00,Low,0.94
2023-05-27 22:59:30,Rising,
2023-05-28 02:07:00,High,1.54
2023-05-28 05:34:30,Falling,
2023-05-28 09:02:00,Low,0.68
2023-05-28 12:15:30,Rising,
2023-05-28 15:29:00,High,1.38
2023-05-28 18:16:30,Falling,
2023-05-28 21:04:00,Low,0.93
2023-05-29 00:07:00,Rising,
2023-05-29 03:10:00,High,1.52
2023-05-29 06:29:30,Falling,
2023-05-29 09:49:00,Low,0.66
2023-05-29 13:04:30,Rising,
2023-05-29 16:20:00,High,1.47
2023-05-29 19:15:30,Falling,
2023-05-29 22:11:00,Low,0.87
2023-05-30 01:09:00,Rising,
2023-05-30 04:07:00,High,1.51
2023-05-30 07:18:30,Falling,
2023-05-30 10:30:00,Low,0.63
2023-05-30 13:47:00,Rising,
2023-05-30 17:04:00,High,1.57
2023-05-30 20:06:30,Falling,
2023-05-30 23:09:00,Low,0.8
2023-05-31 02:04:30,Rising,
2023-05-31 05:00:00,High,1.5
2023-05-31 08:04:30,Falling,
2023-05-31 11:09:00,Low,0.6
2023-05-31 14:26:30,Rising,
2023-05-31 17:44:00,High,1.67
2023-05-31 20:52:00,Falling,
2023-06-01 00:00:00,Low,0.7
2023-06-01 02:54:30,Rising,
2023-06-01 05:49:00,High,1.5
2023-06-01 08:47:00,Falling,
2023-06-01 11:45:00,Low,0.59
2023-06-01 15:03:30,Rising,
2023-06-01 18:22:00,High,1.79
2023-06-01 21:34:30,Falling,
2023-06-02 00:47:00,Low,0.61
2023-06-02 03:42:00,Rising,
2023-06-02 06:37:00,High,1.5
2023-06-02 09:30:30,Falling,
2023-06-02 12:24:00,Low,0.58
2023-06-02 15:42:30,Rising,
2023-06-02 19:01:00,High,1.89
2023-06-02 22:17:00,Falling,
2023-06-03 01:33:00,Low,0.51
2023-06-03 04:29:30,Rising,
2023-06-03 07:26:00,High,1.5
2023-06-03 10:14:30,Falling,
2023-06-03 13:03:00,Low,0.58
2023-06-03 16:23:00,Rising,
2023-06-03 19:43:00,High,1.98
2023-06-03 23:02:00,Falling,
2023-06-04 02:21:00,Low,0.43
2023-06-04 05:19:00,Rising,
2023-06-04 08:17:00,High,1.49
2023-06-04 11:02:00,Falling,
2023-06-04 13:47:00,Low,0.59
2023-06-04 17:07:00,Rising,
2023-06-04 20:27:00,High,2.04
2023-06-04 23:48:30,Falling,
2023-06-05 03:10:00,Low,0.38
2023-06-05 06:10:30,Rising,
2023-06-05 09:11:00,High,1.47
2023-06-05 11:53:00,Falling,
2023-06-05 14:35:00,Low,0.61
2023-06-05 17:55:00,Rising,
2023-06-05 21:15:00,High,2.06
2023-06-06 00:38:00,Falling,
2023-06-06 04:01:00,Low,0.36
2023-06-06 07:03:00,Rising,
2023-06-06 10:05:00,High,1.46
2023-06-06 12:46:00,Falling,
2023-06-06 15:27:00,Low,0.65
2023-06-06 18:45:30,Rising,
2023-06-06 22:04:00,High,2.05
2023-06-07 01:30:00,Falling,
2023-06-07 04:56:00,Low,0.36
2023-06-07 07:59:00,Rising,
2023-06-07 11:02:00,High,1.44
2023-06-07 13:42:30,Falling,
2023-06-07 16:23:00,Low,0.68
2023-06-07 19:40:30,Rising,
2023-06-07 22:58:00,High,2.01
2023-06-08 02:25:00,Falling,
2023-06-08 05:52:00,Low,0.39
2023-06-08 08:56:00,Rising,
2023-06-08 12:00:00,High,1.43
2023-06-08 14:41:00,Falling,
2023-06-08 17:22:00,Low,0.72
2023-06-08 20:37:30,Rising,
2023-06-08 23:53:00,High,1.93
2023-06-09 03:21:00,Falling,
2023-06-09 06:49:00,Low,0.43
2023-06-09 09:55:00,Rising,
2023-06-09 13:01:00,High,1.44
2023-06-09 15:43:30,Falling,
2023-06-09 18:26:00,Low,0.76
2023-06-09 21:39:30,Rising,
2023-06-10 00:53:00,High,1.84
2023-06-10 04:19:30,Falling,
2023-06-10 07:46:00,Low,0.46
2023-06-10 10:54:30,Rising,
2023-06-10 14:03:00,High,1.48
2023-06-10 16:49:00,Falling,
2023-06-10 19:35:00,Low,0.78
2023-06-10 22:46:00,Rising,
2023-06-11 01:57:00,High,1.74
2023-06-11 05:19:00,Falling,
2023-06-11 08:41:00,Low,0.49
2023-06-11 11:52:30,Rising,
2023-06-11 15:04:00,High,1.54
2023-06-11 17:56:30,Falling,
2023-06-11 20:49:00,Low,0.78
2023-06-11 23:55:30,Rising,
2023-06-12 03:02:00,High,1.64
2023-06-12 06:17:00,Falling,
2023-06-12 09:32:00,Low,0.52
2023-06-12 12:46:30,Rising,
2023-06-12 16:01:00,High,1.62
2023-06-12 19:02:00,Falling,
2023-06-12 22:03:00,Low,0.75
2023-06-13 01:04:30,Rising,
2023-06-13 04:06:00,High,1.56
2023-06-13 07:13:00,Falling,
2023-06-13 10:20:00,Low,0.54
2023-06-13 13:37:30,Rising,
2023-06-13 16:55:00,High,1.71
2023-06-13 20:05:00,Falling,
2023-06-13 23:15:00,Low,0.69
2023-06-14 02:10:30,Rising,
2023-06-14 05:06:00,High,1.49
2023-06-14 08:05:00,Falling,
2023-06-14 11:04:00,Low,0.57
2023-06-14 14:23:30,Rising,
2023-06-14 17:43:00,High,1.8
2023-06-14 20:59:00,Falling,
2023-06-15 00:15:00,Low,0.62
2023-06-15 03:08:30,Rising,
2023-06-15 06:02:00,High,1.43
2023-06-15 08:54:00,Falling,
2023-06-15 11:46:00,Low,0.6
2023-06-15 15:07:00,Rising,
2023-06-15 18:28:00,High,1.86
2023-06-15 21:48:00,Falling,
2023-06-16 01:08:00,Low,0.56
2023-06-16 04:01:30,Rising,
2023-06-16 06:55:00,High,1.4
2023-06-16 09:41:30,Falling,
2023-06-16 12:28:00,Low,0.63
2023-06-16 15:49:00,Rising,
2023-06-16 19:10:00,High,1.9
2023-06-16 22:32:00,Falling,
2023-06-17 01:54:00,Low,0.52
2023-06-17 04:49:30,Rising,
2023-06-17 07:45:00,High,1.37
2023-06-17 10:27:00,Falling,
2023-06-17 13:09:00,Low,0.66
2023-06-17 16:29:30,Rising,
2023-06-17 19:50:00,High,1.92
2023-06-17 23:13:00,Falling,
2023-06-18 02:36:00,Low,0.49
2023-06-18 05:33:00,Rising,
2023-06-18 08:30:00,High,1.36
2023-06-18 11:09:00,Falling,
2023-06-18 13:48:00,Low,0.69
2023-06-18 17:08:30,Rising,
2023-06-18 20:29:00,High,1.92
2023-06-18 23:52:00,Falling,
2023-06-19 03:15:00,Low,0.49
2023-06-19 06:14:30,Rising,
2023-06-19 09:14:00,High,1.35
2023-06-19 11:51:00,Falling,
2023-06-19 14:28:00,Low,0.72
2023-06-19 17:47:00,Rising,
2023-06-19 21:06:00,High,1.9
2023-06-20 00:29:30,Falling,
2023-06-20 03:53:00,Low,0.5
2023-06-20 06:54:00,Rising,
2023-06-20 09:55:00,High,1.35
2023-06-20 12:31:30,Falling,
2023-06-20 15:08:00,Low,0.74
2023-06-20 18:26:00,Rising,
2023-06-20 21:44:00,High,1.86
2023-06-21 01:07:00,Falling,
2023-06-21 04:30:00,Low,0.52
2023-06-21 07:32:00,Rising,
2023-06-21 10:34:00,High,1.34
2023-06-21 13:11:00,Falling,
2023-06-21 15:48:00,Low,0.76
2023-06-21 19:04:30,Rising,
2023-06-21 22:21:00,High,1.81
2023-06-22 01:45:00,Falling,
2023-06-22 05:09:00,Low,0.55
2023-06-22 08:12:00,Rising,
2023-06-22 11:15:00,High,1.34
2023-06-22 13:53:00,Falling,
2023-06-22 16:31:00,Low,0.79
2023-06-22 19:45:30,Rising,
2023-06-22 23:00:00,High,1.76
2023-06-23 02:24:30,Falling,
2023-06-23 05:49:00,Low,0.58
2023-06-23 08:54:00,Rising,
2023-06-23 11:59:00,High,1.34
2023-06-23 14:37:30,Falling,
2023-06-23 17:16:00,Low,0.82
2023-06-23 20:28:00,Rising,
2023-06-23 23:40:00,High,1.69
2023-06-24 03:05:00,Falling,
2023-06-24 06:30:00,Low,0.61
2023-06-24 09:37:30,Rising,
2023-06-24 12:45:00,High,1.35
2023-06-24 15:26:30,Falling,
2023-06-24 18:08:00,Low,0.85
2023-06-24 21:16:30,Rising,
2023-06-25 00:25:00,High,1.61
2023-06-25 03:50:00,Falling,
2023-06-25 07:15:00,Low,0.62
2023-06-25 10:25:00,Rising,
2023-06-25 13:35:00,High,1.38
2023-06-25 16:20:00,Falling,
2023-06-25 19:05:00,Low,0.88
2023-06-25 22:09:30,Rising,
2023-06-26 01:14:00,High,1.54
2023-06-26 04:36:30,Falling,
2023-06-26 07:59:00,Low,0.63
2023-06-26 11:14:00,Rising,
2023-06-26 14:29:00,High,1.42
2023-06-26 17:20:30,Falling,
2023-06-26 20:12:00,Low,0.89
2023-06-26 23:11:00,Rising,
2023-06-27 02:10:00,High,1.47
2023-06-27 05:26:30,Falling,
2023-06-27 08:43:00,Low,0.63
2023-06-27 12:02:00,Rising,
2023-06-27 15:21:00,High,1.5
2023-06-27 18:22:00,Falling,
2023-06-27 21:23:00,Low,0.86
2023-06-28 00:17:30,Rising,
2023-06-28 03:12:00,High,1.41
2023-06-28 06:20:00,Falling,
2023-06-28 09:28:00,Low,0.63
2023-06-28 12:49:30,Rising,
2023-06-28 16:11:00,High,1.59
2023-06-28 19:20:30,Falling,
2023-06-28 22:30:00,Low,0.79
2023-06-29 01:22:30,Rising,
2023-06-29 04:15:00,High,1.38
2023-06-29 07:14:00,Falling,
2023-06-29 10:13:00,Low,0.63
2023-06-29 13:36:00,Rising,
2023-06-29 16:59:00,High,1.69
2023-06-29 20:15:00,Falling,
2023-06-29 23:31:00,Low,0.69
2023-06-30 02:23:00,Rising,
2023-06-30 05:15:00,High,1.38
2023-06-30 08:07:00,Falling,
2023-06-30 10:59:00,Low,0.62
2023-06-30 14:22:00,Rising,
2023-06-30 17:45:00,High,1.81
2023-06-30 21:05:30,Falling,
2023-07-01 00:26:00,Low,0.57
2023-07-01 03:19:30,Rising,
2023-07-01 06:13:00,High,1.39
2023-07-01 09:00:00,Falling,
2023-07-01 11:47:00,Low,0.6
2023-07-01 15:09:30,Rising,
2023-07-01 18:32:00,High,1.91
2023-07-01 21:54:30,Falling,
2023-07-02 01:17:00,Low,0.45
2023-07-02 04:13:00,Rising,
2023-07-02 07:09:00,High,1.41
2023-07-02 09:53:00,Falling,
2023-07-02 12:37:00,Low,0.58
2023-07-02 15:59:00,Rising,
2023-07-02 19:21:00,High,2.01
2023-07-02 22:44:30,Falling,
2023-07-03 02:08:00,Low,0.36
2023-07-03 05:06:00,Rising,
2023-07-03 08:04:00,High,1.43
2023-07-03 10:47:00,Falling,
2023-07-03 13:30:00,Low,0.57
2023-07-03 16:50:30,Rising,
2023-07-03 20:11:00,High,2.08
2023-07-03 23:34:30,Falling,
2023-07-04 02:58:00,Low,0.29
2023-07-04 05:59:00,Rising,
2023-07-04 09:00:00,High,1.46
2023-07-04 11:41:30,Falling,
2023-07-04 14:23:00,Low,0.55
2023-07-04 17:42:30,Rising,
2023-07-04 21:02:00,High,2.12
2023-07-05 00:25:00,Falling,
2023-07-05 03:48:00,Low,0.25
2023-07-05 06:51:00,Rising,
2023-07-05 09:54:00,High,1.48
2023-07-05 12:35:30,Falling,
2023-07-05 15:17:00,Low,0.55
2023-07-05 18:35:30,Rising,
2023-07-05 21:54:00,High,2.11
2023-07-06 01:17:00,Falling,
2023-07-06 04:40:00,Low,0.25
2023-07-06 07:43:30,Rising,
2023-07-06 10:47:00,High,1.49
2023-07-06 13:30:30,Falling,
2023-07-06 16:14:00,Low,0.56
2023-07-06 19:29:30,Rising,
2023-07-06 22:45:00,High,2.05
2023-07-07 02:07:30,Falling,
2023-07-07 05:30:00,Low,0.29
2023-07-07 08:35:30,Rising,
2023-07-07 11:41:00,High,1.51
2023-07-07 14:26:30,Falling,
2023-07-07 17:12:00,Low,0.6
2023-07-07 20:25:00,Rising,
2023-07-07 23:38:00,High,1.94
2023-07-08 02:59:30,Falling,
2023-07-08 06:21:00,Low,0.34
2023-07-08 09:28:30,Rising,
2023-07-08 12:36:00,High,1.53
2023-07-08 15:25:00,Falling,
2023-07-08 18:14:00,Low,0.65
2023-07-08 21:23:00,Rising,
2023-07-09 00:32:00,High,1.79
2023-07-09 03:52:00,Falling,
2023-07-09 07:12:00,Low,0.41
2023-07-09 10:22:00,Rising,
2023-07-09 13:32:00,High,1.56
2023-07-09 16:25:30,Falling,
2023-07-09 19:19:00,Low,0.7
2023-07-09 22:24:30,Rising,
2023-07-10 01:30:00,High,1.63
2023-07-10 04:45:00,Falling,
2023-07-10 08:00:00,Low,0.49
2023-07-10 11:15:00,Rising,
2023-07-10 14:30:00,High,1.6
2023-07-10 17:31:00,Falling,
2023-07-10 20:32:00,Low,0.73
2023-07-10 23:32:00,Rising,
2023-07-11 02:32:00,High,1.47
2023-07-11 05:40:30,Falling,
2023-07-11 08:49:00,Low,0.55
2023-07-11 12:08:30,Rising,
2023-07-11 15:28:00,High,1.65
2023-07-11 18:40:00,Falling,
2023-07-11 21:52:00,Low,0.73
2023-07-12 00:46:30,Rising,
2023-07-12 03:41:00,High,1.36
2023-07-12 06:39:30,Falling,
2023-07-12 09:38:00,Low,0.61
2023-07-12 13:01:00,Rising,
2023-07-12 16:24:00,High,1.7
2023-07-12 19:46:00,Falling,
2023-07-12 23:08:00,Low,0.69
2023-07-13 01:58:00,Rising,
2023-07-13 04:48:00,High,1.29
2023-07-13 07:38:00,Falling,
2023-07-13 10:28:00,Low,0.65
2023-07-13 13:52:00,Rising,
2023-07-13 17:16:00,High,1.75
2023-07-13 20:43:00,Falling,
2023-07-14 00:10:00,Low,0.62
2023-07-14 03:00:30,Rising,
2023-07-14 05:51:00,High,1.26
2023-07-14 08:33:30,Falling,
2023-07-14 11:16:00,Low,0.68
2023-07-14 14:40:30,Rising,
2023-07-14 18:05:00,High,1.79
2023-07-14 21:32:30,Falling,
2023-07-15 01:00:00,Low,0.56
2023-07-15 03:52:30,Rising,
2023-07-15 06:45:00,High,1.27
2023-07-15 09:24:30,Falling,
2023-07-15 12:04:00,Low,0.69
2023-07-15 15:26:30,Rising,
2023-07-15 18:49:00,High,1.82
2023-07-15 22:15:30,Falling,
2023-07-16 01:42:00,Low,0.51
2023-07-16 04:37:00,Rising,
2023-07-16 07:32:00,High,1.29
2023-07-16 10:10:30,Falling,
2023-07-16 12:49:00,Low,0.68
2023-07-16 16:09:30,Rising,
2023-07-16 19:30:00,High,1.84
2023-07-16 22:54:30,Falling,
2023-07-17 02:19:00,Low,0.48
2023-07-17 05:17:00,Rising,
2023-07-17 08:15:00,High,1.32
2023-07-17 10:53:00,Falling,
2023-07-17 13:31:00,Low,0.67
2023-07-17 16:50:30,Rising,
2023-07-17 20:10:00,High,1.85
2023-07-17 23:32:00,Falling,
2023-07-18 02:54:00,Low,0.46
2023-07-18 05:53:30,Rising,
2023-07-18 08:53:00,High,1.34
2023-07-18 11:32:00,Falling,
2023-07-18 14:11:00,Low,0.66
2023-07-18 17:28:30,Rising,
2023-07-18 20:46:00,High,1.85
2023-07-19 00:07:00,Falling,
2023-07-19 03:28:00,Low,0.46
2023-07-19 06:29:00,Rising,
2023-07-19 09:30:00,High,1.36
2023-07-19 12:09:30,Falling,
2023-07-19 14:49:00,Low,0.66
2023-07-19 18:05:30,Rising,
2023-07-19 21:22:00,High,1.83
2023-07-20 00:41:30,Falling,
2023-07-20 04:01:00,Low,0.46
2023-07-20 07:03:00,Rising,
2023-07-20 10:05:00,High,1.37
2023-07-20 12:46:30,Falling,
2023-07-20 15:28:00,Low,0.66
2023-07-20 18:42:30,Rising,
2023-07-20 21:57:00,High,1.8
2023-07-21 01:15:30,Falling,
2023-07-21 04:34:00,Low,0.48
2023-07-21 07:38:00,Rising,
2023-07-21 10:42:00,High,1.38
2023-07-21 13:25:00,Falling,
2023-07-21 16:08:00,Low,0.68
2023-07-21 19:19:30,Rising,
2023-07-21 22:31:00,High,1.75
2023-07-22 01:50:00,Falling,
2023-07-22 05:09:00,Low,0.49
2023-07-22 08:14:30,Rising,
2023-07-22 11:20:00,High,1.39
2023-07-22 14:05:00,Falling,
2023-07-22 16:50:00,Low,0.71
2023-07-22 19:59:00,Rising,
2023-07-22 23:08:00,High,1.67
2023-07-23 02:26:00,Falling,
2023-07-23 05:44:00,Low,0.52
2023-07-23 08:52:30,Rising,
2023-07-23 12:01:00,High,1.41
2023-07-23 14:48:30,Falling,
2023-07-23 17:36:00,Low,0.75
2023-07-23 20:40:30,Rising,
2023-07-23 23:45:00,High,1.58
2023-07-24 03:02:00,Falling,
2023-07-24 06:19:00,Low,0.55
2023-07-24 09:32:00,Rising,
2023-07-24 12:45:00,High,1.43
2023-07-24 15:36:30,Falling,
2023-07-24 18:28:00,Low,0.79
2023-07-24 21:28:30,Rising,
2023-07-25 00:29:00,High,1.48
2023-07-25 03:43:00,Falling,
2023-07-25 06:57:00,Low,0.58
2023-07-25 10:14:30,Rising,
2023-07-25 13:32:00,High,1.47
2023-07-25 16:30:30,Falling,
2023-07-25 19:29:00,Low,0.81
2023-07-25 22:24:00,Rising,
2023-07-26 01:19:00,High,1.38
2023-07-26 04:29:00,Falling,
2023-07-26 07:39:00,Low,0.61
2023-07-26 11:02:00,Rising,
2023-07-26 14:25:00,High,1.51
2023-07-26 17:33:00,Falling,
2023-07-26 20:41:00,Low,0.8
2023-07-26 23:32:30,Rising,
2023-07-27 02:24:00,High,1.3
2023-07-27 05:26:00,Falling,
2023-07-27 08:28:00,Low,0.64
2023-07-27 11:54:30,Rising,
2023-07-27 15:21:00,High,1.58
2023-07-27 18:40:00,Falling,
2023-07-27 21:59:00,Low,0.74
2023-07-28 00:49:00,Rising,
2023-07-28 03:39:00,High,1.25
2023-07-28 06:31:30,Falling,
2023-07-28 09:24:00,Low,0.65
2023-07-28 12:51:30,Rising,
2023-07-28 16:19:00,High,1.67
2023-07-28 19:44:30,Falling,
2023-07-28 23:10:00,Low,0.64
2023-07-29 02:01:30,Rising,
2023-07-29 04:53:00,High,1.26
2023-07-29 07:39:00,Falling,
2023-07-29 10:25:00,Low,0.64
2023-07-29 13:50:30,Rising,
2023-07-29 17:16:00,High,1.78
2023-07-29 20:43:00,Falling,
2023-07-30 00:10:00,Low,0.51
2023-07-30 03:04:30,Rising,
2023-07-30 05:59:00,High,1.3
2023-07-30 08:42:00,Falling,
2023-07-30 11:25:00,Low,0.6
2023-07-30 14:48:30,Rising,
2023-07-30 18:12:00,High,1.9
2023-07-30 21:37:30,Falling,
2023-07-31 01:03:00,Low,0.37
2023-07-31 04:00:30,Rising,
2023-07-31 06:58:00,High,1.36
2023-07-31 09:40:30,Falling,
2023-07-31 12:23:00,Low,0.55
2023-07-31 15:44:00,Rising,
2023-07-31 19:05:00,High,2.01
2023-07-31 22:29:00,Falling,
2023-08-01 01:53:00,Low,0.26
2023-08-01 04:52:30,Rising,
2023-08-01 07:52:00,High,1.43
2023-08-01 10:35:00,Falling,
2023-08-01 13:18:00,Low,0.48
2023-08-01 16:38:00,Rising,
2023-08-01 19:58:00,High,2.09
2023-08-01 23:20:00,Falling,
2023-08-02 02:42:00,Low,0.19
2023-08-02 05:43:00,Rising,
2023-08-02 08:44:00,High,1.49
2023-08-02 11:28:30,Falling,
2023-08-02 14:13:00,Low,0.43
2023-08-02 17:31:00,Rising,
2023-08-02 20:49:00,High,2.13
2023-08-03 00:09:00,Falling,
2023-08-03 03:29:00,Low,0.15
2023-08-03 06:31:30,Rising,
2023-08-03 09:34:00,High,1.54
2023-08-03 12:20:30,Falling,
2023-08-03 15:07:00,Low,0.41
2023-08-03 18:23:00,Rising,
2023-08-03 21:39:00,High,2.1
2023-08-04 00:57:00,Falling,
2023-08-04 04:15:00,Low,0.16
2023-08-04 07:19:30,Rising,
2023-08-04 10:24:00,High,1.58
2023-08-04 13:12:30,Falling,
2023-08-04 16:01:00,Low,0.43
2023-08-04 19:14:30,Rising,
2023-08-04 22:28:00,High,2
2023-08-05 01:44:00,Falling,
2023-08-05 05:00:00,Low,0.22
2023-08-05 08:07:00,Rising,
2023-08-05 11:14:00,High,1.61
2023-08-05 14:06:30,Falling,
2023-08-05 16:59:00,Low,0.48
2023-08-05 20:08:00,Rising,
2023-08-05 23:17:00,High,1.85
2023-08-06 02:31:00,Falling,
2023-08-06 05:45:00,Low,0.3
2023-08-06 08:54:30,Rising,
2023-08-06 12:04:00,High,1.62
2023-08-06 15:01:00,Falling,
2023-08-06 17:58:00,Low,0.55
2023-08-06 21:02:30,Rising,
2023-08-07 00:07:00,High,1.65
2023-08-07 03:18:30,Falling,
2023-08-07 06:30:00,Low,0.41
2023-08-07 09:43:30,Rising,
2023-08-07 12:57:00,High,1.63
2023-08-07 16:00:00,Falling,
2023-08-07 19:03:00,Low,0.63
2023-08-07 22:02:00,Rising,
2023-08-08 01:01:00,High,1.46
2023-08-08 04:08:00,Falling,
2023-08-08 07:15:00,Low,0.52
2023-08-08 10:33:30,Rising,
2023-08-08 13:52:00,High,1.62
2023-08-08 17:04:30,Falling,
2023-08-08 20:17:00,Low,0.69
2023-08-08 23:11:00,Rising,
2023-08-09 02:05:00,High,1.29
2023-08-09 05:04:00,Falling,
2023-08-09 08:03:00,Low,0.62
2023-08-09 11:27:00,Rising,
2023-08-09 14:51:00,High,1.62
2023-08-09 18:15:30,Falling,
2023-08-09 21:40:00,Low,0.7
2023-08-10 00:30:30,Rising,
2023-08-10 03:21:00,High,1.18
2023-08-10 06:09:30,Falling,
2023-08-10 08:58:00,Low,0.69
2023-08-10 12:25:30,Rising,
2023-08-10 15:53:00,High,1.63
2023-08-10 19:26:00,Falling,
2023-08-10 22:59:00,Low,0.66
2023-08-11 01:49:30,Rising,
2023-08-11 04:40:00,High,1.15
2023-08-11 07:19:00,Falling,
2023-08-11 09:58:00,Low,0.73
2023-08-11 13:25:00,Rising,
2023-08-11 16:52:00,High,1.65
2023-08-11 20:26:00,Falling,
2023-08-12 00:00:00,Low,0.6
2023-08-12 02:53:00,Rising,
2023-08-12 05:46:00,High,1.17
2023-08-12 08:22:00,Falling,
2023-08-12 10:58:00,Low,0.73
2023-08-12 14:21:30,Rising,
2023-08-12 17:45:00,High,1.68
2023-08-12 21:15:00,Falling,
2023-08-13 00:45:00,Low,0.54
2023-08-13 03:41:00,Rising,
2023-08-13 06:37:00,High,1.23
2023-08-13 09:14:00,Falling,
2023-08-13 11:51:00,Low,0.7
2023-08-13 15:11:00,Rising,
2023-08-13 18:31:00,High,1.72
2023-08-13 21:57:00,Falling,
2023-08-14 01:23:00,Low,0.49
2023-08-14 04:20:30,Rising,
2023-08-14 07:18:00,High,1.28
2023-08-14 09:58:00,Falling,
2023-08-14 12:38:00,Low,0.65
2023-08-14 15:55:30,Rising,
2023-08-14 19:13:00,High,1.76
2023-08-14 22:35:00,Falling,
2023-08-15 01:57:00,Low,0.45
2023-08-15 04:56:00,Rising,
2023-08-15 07:55:00,High,1.33
2023-08-15 10:37:00,Falling,
2023-08-15 13:19:00,Low,0.61
2023-08-15 16:34:30,Rising,
2023-08-15 19:50:00,High,1.78
2023-08-15 23:09:00,Falling,
2023-08-16 02:28:00,Low,0.42
2023-08-16 05:28:30,Rising,
2023-08-16 08:29:00,High,1.37
2023-08-16 11:12:30,Falling,
2023-08-16 13:56:00,Low,0.58
2023-08-16 17:10:30,Rising,
2023-08-16 20:25:00,High,1.79
2023-08-16 23:42:00,Falling,
2023-08-17 02:59:00,Low,0.4
2023-08-17 06:00:00,Rising,
2023-08-17 09:01:00,High,1.4
2023-08-17 11:46:30,Falling,
2023-08-17 14:32:00,Low,0.56
2023-08-17 17:45:30,Rising,
2023-08-17 20:59:00,High,1.79
2023-08-18 00:13:30,Falling,
2023-08-18 03:28:00,Low,0.39
2023-08-18 06:31:30,Rising,
2023-08-18 09:35:00,High,1.43
2023-08-18 12:22:00,Falling,
2023-08-18 15:09:00,Low,0.56
2023-08-18 18:20:00,Rising,
2023-08-18 21:31:00,High,1.75
2023-08-19 00:44:00,Falling,
2023-08-19 03:57:00,Low,0.4
2023-08-19 07:02:30,Rising,
2023-08-19 10:08:00,High,1.46
2023-08-19 12:57:30,Falling,
2023-08-19 15:47:00,Low,0.57
2023-08-19 18:55:00,Rising,
2023-08-19 22:03:00,High,1.69
2023-08-20 01:15:00,Falling,
2023-08-20 04:27:00,Low,0.42
2023-08-20 07:35:00,Rising,
2023-08-20 10:43:00,High,1.48
2023-08-20 13:35:30,Falling,
2023-08-20 16:28:00,Low,0.6
2023-08-20 19:33:00,Rising,
2023-08-20 22:38:00,High,1.61
2023-08-21 01:47:30,Falling,
2023-08-21 04:57:00,Low,0.46
2023-08-21 08:08:00,Rising,
2023-08-21 11:19:00,High,1.5
2023-08-21 14:15:30,Falling,
2023-08-21 17:12:00,Low,0.64
2023-08-21 20:13:00,Rising,
2023-08-21 23:14:00,High,1.51
2023-08-22 02:21:30,Falling,
2023-08-22 05:29:00,Low,0.5
2023-08-22 08:44:00,Rising,
2023-08-22 11:59:00,High,1.52
2023-08-22 14:59:30,Falling,
2023-08-22 18:00:00,Low,0.68
2023-08-22 20:58:00,Rising,
2023-08-22 23:56:00,High,1.4
2023-08-23 02:59:30,Falling,
2023-08-23 06:03:00,Low,0.56
2023-08-23 09:23:30,Rising,
2023-08-23 12:44:00,High,1.53
2023-08-23 15:52:00,Falling,
2023-08-23 19:00:00,Low,0.71
2023-08-23 21:53:30,Rising,
2023-08-24 00:47:00,High,1.29
2023-08-24 03:46:00,Falling,
2023-08-24 06:45:00,Low,0.62
2023-08-24 10:10:30,Rising,
2023-08-24 13:36:00,High,1.54
2023-08-24 16:55:00,Falling,
2023-08-24 20:14:00,Low,0.72
2023-08-24 23:05:00,Rising,
2023-08-25 01:56:00,High,1.2
2023-08-25 04:48:30,Falling,
2023-08-25 07:41:00,Low,0.67
2023-08-25 11:10:30,Rising,
2023-08-25 14:40:00,High,1.57
2023-08-25 18:08:30,Falling,
2023-08-25 21:37:00,Low,0.67
2023-08-26 00:30:00,Rising,
2023-08-26 03:23:00,High,1.17
2023-08-26 06:07:30,Falling,
2023-08-26 08:52:00,Low,0.7
2023-08-26 12:21:00,Rising,
2023-08-26 15:50:00,High,1.64
2023-08-26 19:21:30,Falling,
2023-08-26 22:53:00,Low,0.56
2023-08-27 01:49:00,Rising,
2023-08-27 04:45:00,High,1.2
2023-08-27 07:26:30,Falling,
2023-08-27 10:08:00,Low,0.67
2023-08-27 13:32:30,Rising,
2023-08-27 16:57:00,High,1.75
2023-08-27 20:25:30,Falling,
2023-08-27 23:54:00,Low,0.43
2023-08-28 02:52:00,Rising,
2023-08-28 05:50:00,High,1.29
2023-08-28 08:32:30,Falling,
2023-08-28 11:15:00,Low,0.59
2023-08-28 14:36:00,Rising,
2023-08-28 17:57:00,High,1.87
2023-08-28 21:21:00,Falling,
2023-08-29 00:45:00,Low,0.3
2023-08-29 03:45:00,Rising,
2023-08-29 06:45:00,High,1.39
2023-08-29 09:30:00,Falling,
2023-08-29 12:15:00,Low,0.49
2023-08-29 15:33:00,Rising,
2023-08-29 18:51:00,High,1.98
2023-08-29 22:12:00,Falling,
2023-08-30 01:33:00,Low,0.19
2023-08-30 04:34:30,Rising,
2023-08-30 07:36:00,High,1.49
2023-08-30 10:23:00,Falling,
2023-08-30 13:10:00,Low,0.4
2023-08-30 16:26:00,Rising,
2023-08-30 19:42:00,High,2.05
2023-08-30 22:59:30,Falling,
2023-08-31 02:17:00,Low,0.12
2023-08-31 05:20:30,Rising,
2023-08-31 08:24:00,High,1.58
2023-08-31 11:13:00,Falling,
2023-08-31 14:02:00,Low,0.33
2023-08-31 17:16:30,Rising,
2023-08-31 20:31:00,High,2.06
2023-08-31 23:45:30,Falling,
2023-09-01 03:00:00,Low,0.11
2023-09-01 06:05:30,Rising,
2023-09-01 09:11:00,High,1.65
2023-09-01 12:03:30,Falling,
2023-09-01 14:56:00,Low,0.31
2023-09-01 18:07:30,Rising,
2023-09-01 21:19:00,High,1.99
2023-09-02 00:31:00,Falling,
2023-09-02 03:43:00,Low,0.15
2023-09-02 06:50:00,Rising,
2023-09-02 09:57:00,High,1.71
2023-09-02 12:53:00,Falling,
2023-09-02 15:49:00,Low,0.33
2023-09-02 18:58:00,Rising,
2023-09-02 22:07:00,High,1.85
2023-09-03 01:16:00,Falling,
2023-09-03 04:25:00,Low,0.23
2023-09-03 07:34:30,Rising,
2023-09-03 10:44:00,High,1.73
2023-09-03 13:44:30,Falling,
2023-09-03 16:45:00,Low,0.39
2023-09-03 19:50:00,Rising,
2023-09-03 22:55:00,High,1.67
2023-09-04 02:00:00,Falling,
2023-09-04 05:05:00,Low,0.34
2023-09-04 08:17:30,Rising,
2023-09-04 11:30:00,High,1.72
2023-09-04 14:37:00,Falling,
2023-09-04 17:44:00,Low,0.48
2023-09-04 20:44:30,Rising,
2023-09-04 23:45:00,High,1.48
2023-09-05 02:45:00,Falling,
2023-09-05 05:45:00,Low,0.47
2023-09-05 09:01:30,Rising,
2023-09-05 12:18:00,High,1.69
2023-09-05 15:32:00,Falling,
2023-09-05 18:46:00,Low,0.57
2023-09-05 21:42:30,Rising,
2023-09-06 00:39:00,High,1.29
2023-09-06 03:34:00,Falling,
2023-09-06 06:29:00,Low,0.6
2023-09-06 09:50:00,Rising,
2023-09-06 13:11:00,High,1.64
2023-09-06 16:35:00,Falling,
2023-09-06 19:59:00,Low,0.63
2023-09-06 22:51:30,Rising,
2023-09-07 01:44:00,High,1.16
2023-09-07 04:30:30,Falling,
2023-09-07 07:17:00,Low,0.7
2023-09-07 10:43:00,Rising,
2023-09-07 14:09:00,High,1.58
2023-09-07 17:44:00,Falling,
2023-09-07 21:19:00,Low,0.66
2023-09-08 00:13:30,Rising,
2023-09-08 03:08:00,High,1.09
2023-09-08 05:44:30,Falling,
2023-09-08 08:21:00,Low,0.77
2023-09-08 11:48:30,Rising,
2023-09-08 15:16:00,High,1.55
2023-09-08 18:55:30,Falling,
2023-09-08 22:35:00,Low,0.64
2023-09-09 01:33:30,Rising,
2023-09-09 04:32:00,High,1.11
2023-09-09 07:03:00,Falling,
2023-09-09 09:34:00,Low,0.79
2023-09-09 12:58:30,Rising,
2023-09-09 16:23:00,High,1.55
2023-09-09 19:58:00,Falling,
2023-09-09 23:33:00,Low,0.59
2023-09-10 02:33:00,Rising,
2023-09-10 05:33:00,High,1.17
2023-09-10 08:08:00,Falling,
2023-09-10 10:43:00,Low,0.76
2023-09-10 14:02:00,Rising,
2023-09-10 17:21:00,High,1.59
2023-09-10 20:48:30,Falling,
2023-09-11 00:16:00,Low,0.53
2023-09-11 03:16:30,Rising,
2023-09-11 06:17:00,High,1.25
2023-09-11 08:58:00,Falling,
2023-09-11 11:39:00,Low,0.7
2023-09-11 14:53:30,Rising,
2023-09-11 18:08:00,High,1.63
2023-09-11 21:30:00,Falling,
2023-09-12 00:52:00,Low,0.48
2023-09-12 03:53:30,Rising,
2023-09-12 06:55:00,High,1.32
2023-09-12 09:39:30,Falling,
2023-09-12 12:24:00,Low,0.63
2023-09-12 15:36:30,Rising,
2023-09-12 18:49:00,High,1.68
2023-09-12 22:06:30,Falling,
2023-09-13 01:24:00,Low,0.43
2023-09-13 04:26:30,Rising,
2023-09-13 07:29:00,High,1.38
2023-09-13 10:16:00,Falling,
2023-09-13 13:03:00,Low,0.57
2023-09-13 16:14:00,Rising,
2023-09-13 19:25:00,High,1.71
2023-09-13 22:39:30,Falling,
2023-09-14 01:54:00,Low,0.39
2023-09-14 04:57:00,Rising,
2023-09-14 08:00:00,High,1.44
2023-09-14 10:50:00,Falling,
2023-09-14 13:40:00,Low,0.53
2023-09-14 16:49:30,Rising,
2023-09-14 19:59:00,High,1.72
2023-09-14 23:10:00,Falling,
2023-09-15 02:21:00,Low,0.37
2023-09-15 05:26:00,Rising,
2023-09-15 08:31:00,High,1.49
2023-09-15 11:23:00,Falling,
2023-09-15 14:15:00,Low,0.5
2023-09-15 17:23:00,Rising,
2023-09-15 20:31:00,High,1.7
2023-09-15 23:39:30,Falling,
2023-09-16 02:48:00,Low,0.37
2023-09-16 05:55:00,Rising,
2023-09-16 09:02:00,High,1.54
2023-09-16 11:57:00,Falling,
2023-09-16 14:52:00,Low,0.49
2023-09-16 17:57:30,Rising,
2023-09-16 21:03:00,High,1.66
2023-09-17 00:09:00,Falling,
2023-09-17 03:15:00,Low,0.38
2023-09-17 06:24:30,Rising,
2023-09-17 09:34:00,High,1.59
2023-09-17 12:32:00,Falling,
2023-09-17 15:30:00,Low,0.49
2023-09-17 18:34:00,Rising,
2023-09-17 21:38:00,High,1.6
2023-09-18 00:41:00,Falling,
2023-09-18 03:44:00,Low,0.41
2023-09-18 06:55:30,Rising,
2023-09-18 10:07:00,High,1.62
2023-09-18 13:09:00,Falling,
2023-09-18 16:11:00,Low,0.51
2023-09-18 19:12:30,Rising,
2023-09-18 22:14:00,High,1.51
2023-09-19 01:14:00,Falling,
2023-09-19 04:14:00,Low,0.46
2023-09-19 07:28:00,Rising,
2023-09-19 10:42:00,High,1.63
2023-09-19 13:48:30,Falling,
2023-09-19 16:55:00,Low,0.54
2023-09-19 19:54:00,Rising,
2023-09-19 22:53:00,High,1.41
2023-09-20 01:49:00,Falling,
2023-09-20 04:45:00,Low,0.52
2023-09-20 08:02:30,Rising,
2023-09-20 11:20:00,High,1.63
2023-09-20 14:32:30,Falling,
2023-09-20 17:45:00,Low,0.58
2023-09-20 20:42:00,Rising,
2023-09-20 23:39:00,High,1.31
2023-09-21 02:31:00,Falling,
2023-09-21 05:23:00,Low,0.6
2023-09-21 08:44:00,Rising,
2023-09-21 12:05:00,High,1.61
2023-09-21 15:25:00,Falling,
2023-09-21 18:45:00,Low,0.62
2023-09-21 21:40:30,Rising,
2023-09-22 00:36:00,High,1.21
2023-09-22 03:23:00,Falling,
2023-09-22 06:10:00,Low,0.67
2023-09-22 09:35:00,Rising,
2023-09-22 13:00:00,High,1.59
2023-09-22 16:30:00,Falling,
2023-09-22 20:00:00,Low,0.62
2023-09-22 22:56:00,Rising,
2023-09-23 01:52:00,High,1.15
2023-09-23 04:34:00,Falling,
2023-09-23 07:16:00,Low,0.73
2023-09-23 10:43:30,Rising,
2023-09-23 14:11:00,High,1.59
2023-09-23 17:46:30,Falling,
2023-09-23 21:22:00,Low,0.58
2023-09-24 00:22:00,Rising,
2023-09-24 03:22:00,High,1.16
2023-09-24 06:01:00,Falling,
2023-09-24 08:40:00,Low,0.74
2023-09-24 12:05:00,Rising,
2023-09-24 15:30:00,High,1.64
2023-09-24 19:01:30,Falling,
2023-09-24 22:33:00,Low,0.48
2023-09-25 01:35:30,Rising,
2023-09-25 04:38:00,High,1.24
2023-09-25 07:19:00,Falling,
2023-09-25 10:00:00,Low,0.68
2023-09-25 13:20:00,Rising,
2023-09-25 16:40:00,High,1.73
2023-09-25 20:05:30,Falling,
2023-09-25 23:31:00,Low,0.37
2023-09-26 02:34:00,Rising,
2023-09-26 05:37:00,High,1.36
2023-09-26 08:22:30,Falling,
2023-09-26 11:08:00,Low,0.57
2023-09-26 14:23:30,Rising,
2023-09-26 17:39:00,High,1.83
2023-09-26 21:00:00,Falling,
2023-09-27 00:21:00,Low,0.26
2023-09-27 03:24:30,Rising,
2023-09-27 06:28:00,High,1.48
2023-09-27 09:17:00,Falling,
2023-09-27 12:06:00,Low,0.46
2023-09-27 15:19:00,Rising,
2023-09-27 18:32:00,High,1.91
2023-09-27 21:48:30,Falling,
2023-09-28 01:05:00,Low,0.18
2023-09-28 04:10:00,Rising,
2023-09-28 07:15:00,High,1.6
2023-09-28 10:07:30,Falling,
2023-09-28 13:00:00,Low,0.36
2023-09-28 16:11:00,Rising,
2023-09-28 19:22:00,High,1.93
2023-09-28 22:34:00,Falling,
2023-09-29 01:46:00,Low,0.15
2023-09-29 04:53:00,Rising,
2023-09-29 08:00:00,High,1.71
2023-09-29 10:56:30,Falling,
2023-09-29 13:53:00,Low,0.29
2023-09-29 17:02:00,Rising,
2023-09-29 20:11:00,High,1.89
2023-09-29 23:19:00,Falling,
2023-09-30 02:27:00,Low,0.16
2023-09-30 05:35:30,Rising,
2023-09-30 08:44:00,High,1.79
2023-09-30 11:44:30,Falling,
2023-09-30 14:45:00,Low,0.27
2023-09-30 17:52:00,Rising,
2023-09-30 20:59:00,High,1.79
2023-10-01 00:32:30,Falling,
2023-10-01 04:06:00,Low,0.23
2023-10-01 07:17:00,Rising,
2023-10-01 10:28:00,High,1.84
2023-10-01 13:33:30,Falling,
2023-10-01 16:39:00,Low,0.3
2023-10-01 19:42:30,Rising,
2023-10-01 22:46:00,High,1.65
2023-10-02 01:45:30,Falling,
2023-10-02 04:45:00,Low,0.33
2023-10-02 07:58:30,Rising,
2023-10-02 11:12:00,High,1.84
2023-10-02 14:22:00,Falling,
2023-10-02 17:32:00,Low,0.35
2023-10-02 20:33:30,Rising,
2023-10-02 23:35:00,High,1.49
2023-10-03 02:29:30,Falling,
2023-10-03 05:24:00,Low,0.45
2023-10-03 08:40:00,Rising,
2023-10-03 11:56:00,High,1.81
2023-10-03 15:12:00,Falling,
2023-10-03 18:28:00,Low,0.43
2023-10-03 21:27:00,Rising,
2023-10-04 00:26:00,High,1.33
2023-10-04 03:14:00,Falling,
2023-10-04 06:02:00,Low,0.57
2023-10-04 09:21:00,Rising,
2023-10-04 12:40:00,High,1.74
2023-10-04 16:03:30,Falling,
2023-10-04 19:27:00,Low,0.52
2023-10-04 22:23:30,Rising,
2023-10-05 01:20:00,High,1.2
2023-10-05 04:02:30,Falling,
2023-10-05 06:45:00,Low,0.69
2023-10-05 10:06:30,Rising,
2023-10-05 13:28:00,High,1.65
2023-10-05 16:59:30,Falling,
2023-10-05 20:31:00,Low,0.59
2023-10-05 23:28:30,Rising,
2023-10-06 02:26:00,High,1.12
2023-10-06 05:01:30,Falling,
2023-10-06 07:37:00,Low,0.78
2023-10-06 11:00:00,Rising,
2023-10-06 14:23:00,High,1.56
2023-10-06 18:03:00,Falling,
2023-10-06 21:43:00,Low,0.63
2023-10-07 00:45:00,Rising,
2023-10-07 03:47:00,High,1.1
2023-10-07 06:16:30,Falling,
2023-10-07 08:46:00,Low,0.84
2023-10-07 12:08:00,Rising,
2023-10-07 15:30:00,High,1.5
2023-10-07 19:10:00,Falling,
2023-10-07 22:50:00,Low,0.63
2023-10-08 01:58:00,Rising,
2023-10-08 05:06:00,High,1.14
2023-10-08 07:36:00,Falling,
2023-10-08 10:06:00,Low,0.84
2023-10-08 13:24:00,Rising,
2023-10-08 16:42:00,High,1.48
2023-10-08 20:14:30,Falling,
2023-10-08 23:47:00,Low,0.6
2023-10-09 02:54:00,Rising,
2023-10-09 06:01:00,High,1.22
2023-10-09 08:39:30,Falling,
2023-10-09 11:18:00,Low,0.79
2023-10-09 14:31:00,Rising,
2023-10-09 17:44:00,High,1.51
2023-10-09 21:07:30,Falling,
2023-10-10 00:31:00,Low,0.55
2023-10-10 03:38:00,Rising,
2023-10-10 06:45:00,High,1.3
2023-10-10 09:30:00,Falling,
2023-10-10 12:15:00,Low,0.72
2023-10-10 15:24:00,Rising,
2023-10-10 18:33:00,High,1.55
2023-10-10 21:50:30,Falling,
2023-10-11 01:08:00,Low,0.49
2023-10-11 04:14:30,Rising,
2023-10-11 07:21:00,High,1.39
2023-10-11 10:12:00,Falling,
2023-10-11 13:03:00,Low,0.64
2023-10-11 16:09:00,Rising,
2023-10-11 19:15:00,High,1.59
2023-10-11 22:28:00,Falling,
2023-10-12 01:41:00,Low,0.44
2023-10-12 04:47:30,Rising,
2023-10-12 07:54:00,High,1.47
2023-10-12 10:49:00,Falling,
2023-10-12 13:44:00,Low,0.57
2023-10-12 16:48:00,Rising,
2023-10-12 19:52:00,High,1.61
2023-10-12 23:01:00,Falling,
2023-10-13 02:10:00,Low,0.41
2023-10-13 05:18:00,Rising,
2023-10-13 08:26:00,High,1.55
2023-10-13 11:24:00,Falling,
2023-10-13 14:22:00,Low,0.52
2023-10-13 17:24:30,Rising,
2023-10-13 20:27:00,High,1.61
2023-10-13 23:32:00,Falling,
2023-10-14 02:37:00,Low,0.39
2023-10-14 05:47:00,Rising,
2023-10-14 08:57:00,High,1.62
2023-10-14 11:58:00,Falling,
2023-10-14 14:59:00,Low,0.47
2023-10-14 18:00:00,Rising,
2023-10-14 21:01:00,High,1.59
2023-10-15 00:03:00,Falling,
2023-10-15 03:05:00,Low,0.4
2023-10-15 06:16:30,Rising,
2023-10-15 09:28:00,High,1.68
2023-10-15 12:32:30,Falling,
2023-10-15 15:37:00,Low,0.44
2023-10-15 18:37:30,Rising,
2023-10-15 21:38:00,High,1.55
2023-10-16 00:35:30,Falling,
2023-10-16 03:33:00,Low,0.42
2023-10-16 06:46:30,Rising,
2023-10-16 10:00:00,High,1.74
2023-10-16 13:08:00,Falling,
2023-10-16 16:16:00,Low,0.43
2023-10-16 19:16:00,Rising,
2023-10-16 22:16:00,High,1.49
2023-10-17 01:10:00,Falling,
2023-10-17 04:04:00,Low,0.46
2023-10-17 07:19:30,Rising,
2023-10-17 10:35:00,High,1.77
2023-10-17 13:47:00,Falling,
2023-10-17 16:59:00,Low,0.43
2023-10-17 19:58:30,Rising,
2023-10-17 22:58:00,High,1.42
2023-10-18 01:47:30,Falling,
2023-10-18 04:37:00,Low,0.52
2023-10-18 07:55:00,Rising,
2023-10-18 11:13:00,High,1.77
2023-10-18 14:29:00,Falling,
2023-10-18 17:45:00,Low,0.45
2023-10-18 20:44:30,Rising,
2023-10-18 23:44:00,High,1.34
2023-10-19 02:29:30,Falling,
2023-10-19 05:15:00,Low,0.59
2023-10-19 08:34:30,Rising,
2023-10-19 11:54:00,High,1.75
2023-10-19 15:16:00,Falling,
2023-10-19 18:38:00,Low,0.49
2023-10-19 21:37:00,Rising,
2023-10-20 00:36:00,High,1.26
2023-10-20 03:18:00,Falling,
2023-10-20 06:00:00,Low,0.66
2023-10-20 09:21:00,Rising,
2023-10-20 12:42:00,High,1.7
2023-10-20 16:10:30,Falling,
2023-10-20 19:39:00,Low,0.52
2023-10-20 22:39:00,Rising,
2023-10-21 01:39:00,High,1.21
2023-10-21 04:18:30,Falling,
2023-10-21 06:58:00,Low,0.73
2023-10-21 10:19:30,Rising,
2023-10-21 13:41:00,High,1.66
2023-10-21 17:15:30,Falling,
2023-10-21 20:50:00,Low,0.53
2023-10-21 23:53:00,Rising,
2023-10-22 02:56:00,High,1.19
2023-10-22 05:33:30,Falling,
2023-10-22 08:11:00,Low,0.77
2023-10-22 11:31:30,Rising,
2023-10-22 14:52:00,High,1.63
2023-10-22 18:27:30,Falling,
2023-10-22 22:03:00,Low,0.49
2023-10-23 01:09:30,Rising,
2023-10-23 04:16:00,High,1.24
2023-10-23 06:54:30,Falling,
2023-10-23 09:33:00,Low,0.75
2023-10-23 12:51:00,Rising,
2023-10-23 16:09:00,High,1.65
2023-10-23 19:38:00,Falling,
2023-10-23 23:07:00,Low,0.42
2023-10-24 02:14:30,Rising,
2023-10-24 05:22:00,High,1.34
2023-10-24 08:06:00,Falling,
2023-10-24 10:50:00,Low,0.68
2023-10-24 14:04:00,Rising,
2023-10-24 17:18:00,High,1.7
2023-10-24 20:39:00,Falling,
2023-10-25 00:00:00,Low,0.35
2023-10-25 03:08:00,Rising,
2023-10-25 06:16:00,High,1.47
2023-10-25 09:07:00,Falling,
2023-10-25 11:58:00,Low,0.58
2023-10-25 15:07:30,Rising,
2023-10-25 18:17:00,High,1.75
2023-10-25 21:32:30,Falling,
2023-10-26 00:48:00,Low,0.28
2023-10-26 03:56:00,Rising,
2023-10-26 07:04:00,High,1.61
2023-10-26 10:01:00,Falling,
2023-10-26 12:58:00,Low,0.47
2023-10-26 16:04:30,Rising,
2023-10-26 19:11:00,High,1.76
2023-10-26 22:20:30,Falling,
2023-10-27 01:30:00,Low,0.25
2023-10-27 04:40:00,Rising,
2023-10-27 07:50:00,High,1.73
2023-10-27 10:52:00,Falling,
2023-10-27 13:54:00,Low,0.38
2023-10-27 16:57:30,Rising,
2023-10-27 20:01:00,High,1.73
2023-10-27 23:06:00,Falling,
2023-10-28 02:11:00,Low,0.25
2023-10-28 05:22:30,Rising,
2023-10-28 08:34:00,High,1.84
2023-10-28 11:40:00,Falling,
2023-10-28 14:46:00,Low,0.32
2023-10-28 17:48:30,Rising,
2023-10-28 20:51:00,High,1.66
2023-10-28 23:50:30,Falling,
2023-10-29 02:50:00,Low,0.29
2023-10-29 06:03:30,Rising,
2023-10-29 09:17:00,High,1.9
2023-10-29 12:27:30,Falling,
2023-10-29 15:38:00,Low,0.29
2023-10-29 18:39:00,Rising,
2023-10-29 21:40:00,High,1.57
2023-10-30 00:34:30,Falling,
2023-10-30 03:29:00,Low,0.37
2023-10-30 06:44:30,Rising,
2023-10-30 10:00:00,High,1.93
2023-10-30 13:14:30,Falling,
2023-10-30 16:29:00,Low,0.3
2023-10-30 19:29:30,Rising,
2023-10-30 22:30:00,High,1.46
2023-10-31 01:18:30,Falling,
2023-10-31 04:07:00,Low,0.46
2023-10-31 07:24:30,Rising,
2023-10-31 10:42:00,High,1.92
2023-10-31 14:00:30,Falling,
2023-10-31 17:19:00,Low,0.35
2023-10-31 20:18:30,Rising,
2023-10-31 23:18:00,High,1.35
2023-11-01 02:01:30,Falling,
2023-11-01 04:45:00,Low,0.57
2023-11-01 08:04:00,Rising,
2023-11-01 11:23:00,High,1.86
2023-11-01 14:46:00,Falling,
2023-11-01 18:09:00,Low,0.41
2023-11-01 21:08:30,Rising,
2023-11-02 00:08:00,High,1.26
2023-11-02 02:47:00,Falling,
2023-11-02 05:26:00,Low,0.67
2023-11-02 08:45:30,Rising,
2023-11-02 12:05:00,High,1.77
2023-11-02 15:32:30,Falling,
2023-11-02 19:00:00,Low,0.49
2023-11-02 22:00:00,Rising,
2023-11-03 01:00:00,High,1.2
2023-11-03 03:35:00,Falling,
2023-11-03 06:10:00,Low,0.75
2023-11-03 09:29:30,Rising,
2023-11-03 12:49:00,High,1.67
2023-11-03 16:22:00,Falling,
2023-11-03 19:55:00,Low,0.56
2023-11-03 22:57:00,Rising,
2023-11-04 01:59:00,High,1.16
2023-11-04 04:30:30,Falling,
2023-11-04 07:02:00,Low,0.82
2023-11-04 10:20:30,Rising,
2023-11-04 13:39:00,High,1.58
2023-11-04 17:16:00,Falling,
2023-11-04 20:53:00,Low,0.6
2023-11-04 23:59:00,Rising,
2023-11-05 03:05:00,High,1.16
2023-11-05 05:36:30,Falling,
2023-11-05 08:08:00,Low,0.87
2023-11-05 11:22:30,Rising,
2023-11-05 14:37:00,High,1.5
2023-11-05 18:14:00,Falling,
2023-11-05 21:51:00,Low,0.62
2023-11-06 01:03:00,Rising,
2023-11-06 04:15:00,High,1.2
2023-11-06 06:49:00,Falling,
2023-11-06 09:23:00,Low,0.87
2023-11-06 12:33:30,Rising,
2023-11-06 15:44:00,High,1.46
2023-11-06 19:14:30,Falling,
2023-11-06 22:45:00,Low,0.6
2023-11-07 01:59:00,Rising,
2023-11-07 05:13:00,High,1.27
2023-11-07 07:54:30,Falling,
2023-11-07 10:36:00,Low,0.84
2023-11-07 13:42:00,Rising,
2023-11-07 16:48:00,High,1.45
2023-11-07 20:10:00,Falling,
2023-11-07 23:32:00,Low,0.56
2023-11-08 02:46:00,Rising,
2023-11-08 06:00:00,High,1.36
2023-11-08 08:49:30,Falling,
2023-11-08 11:39:00,Low,0.77
2023-11-08 14:41:30,Rising,
2023-11-08 17:44:00,High,1.47
2023-11-08 20:58:30,Falling,
2023-11-09 00:13:00,Low,0.52
2023-11-09 03:26:00,Rising,
2023-11-09 06:39:00,High,1.45
2023-11-09 09:35:30,Falling,
2023-11-09 12:32:00,Low,0.7
2023-11-09 15:31:00,Rising,
2023-11-09 18:30:00,High,1.48
2023-11-09 21:39:00,Falling,
2023-11-10 00:48:00,Low,0.49
2023-11-10 04:01:30,Rising,
2023-11-10 07:15:00,High,1.55
2023-11-10 10:17:00,Falling,
2023-11-10 13:19:00,Low,0.62
2023-11-10 16:16:30,Rising,
2023-11-10 19:14:00,High,1.49
2023-11-10 22:17:00,Falling,
2023-11-11 01:20:00,Low,0.46
2023-11-11 04:33:30,Rising,
2023-11-11 07:47:00,High,1.64
2023-11-11 10:54:00,Falling,
2023-11-11 14:01:00,Low,0.54
2023-11-11 16:57:30,Rising,
2023-11-11 19:54:00,High,1.48
2023-11-11 22:52:00,Falling,
2023-11-12 01:50:00,Low,0.45
2023-11-12 05:05:30,Rising,
2023-11-12 08:21:00,High,1.73
2023-11-12 11:31:30,Falling,
2023-11-12 14:42:00,Low,0.47
2023-11-12 17:38:00,Rising,
2023-11-12 20:34:00,High,1.47
2023-11-12 23:27:30,Falling,
2023-11-13 02:21:00,Low,0.46
2023-11-13 05:38:00,Rising,
2023-11-13 08:55:00,High,1.81
2023-11-13 12:08:30,Falling,
2023-11-13 15:22:00,Low,0.41
2023-11-13 18:19:00,Rising,
2023-11-13 21:16:00,High,1.44
2023-11-14 00:05:30,Falling,
2023-11-14 02:55:00,Low,0.48
2023-11-14 06:13:00,Rising,
2023-11-14 09:31:00,High,1.86
2023-11-14 12:48:00,Falling,
2023-11-14 16:05:00,Low,0.38
2023-11-14 19:03:00,Rising,
2023-11-14 22:01:00,High,1.41
2023-11-15 00:46:30,Falling,
2023-11-15 03:32:00,Low,0.52
2023-11-15 06:51:00,Rising,
2023-11-15 10:10:00,High,1.89
2023-11-15 13:30:00,Falling,
2023-11-15 16:50:00,Low,0.36
2023-11-15 19:49:00,Rising,
2023-11-15 22:48:00,High,1.36
2023-11-15 23:24:00,Falling,
2023-11-16 00:00:00,Low,0.57
2023-11-16 05:26:30,Rising,
2023-11-16 10:53:00,High,1.89
2023-11-16 14:16:00,Falling,
2023-11-16 17:39:00,Low,0.37
2023-11-16 20:39:30,Rising,
2023-11-16 23:40:00,High,1.32
2023-11-16 23:50:00,Falling,
2023-11-17 00:00:00,Low,0.62
2023-11-17 05:49:30,Rising,
2023-11-17 11:39:00,High,1.86
2023-11-17 15:05:30,Falling,
2023-11-17 18:32:00,Low,0.39
2023-11-17 21:16:00,Rising,
2023-11-18 00:00:00,High,1.29
2023-11-18 02:56:30,Falling,
2023-11-18 05:53:00,Low,0.68
2023-11-18 09:11:30,Rising,
2023-11-18 12:30:00,High,1.81
2023-11-18 16:00:00,Falling,
2023-11-18 19:30:00,Low,0.42
2023-11-18 21:45:00,Rising,
2023-11-19 00:00:00,High,1.27
2023-11-19 03:28:00,Falling,
2023-11-19 06:56:00,Low,0.72
2023-11-19 10:12:30,Rising,
2023-11-19 13:29:00,High,1.75
2023-11-19 17:01:00,Falling,
2023-11-19 20:33:00,Low,0.43
2023-11-19 22:16:30,Rising,
2023-11-20 00:00:00,High,1.29
2023-11-20 04:02:30,Falling,
2023-11-20 08:05:00,Low,0.75
2023-11-20 11:19:30,Rising,
2023-11-20 14:34:00,High,1.69
2023-11-20 18:05:00,Falling,
2023-11-20 21:36:00,Low,0.42
2023-11-20 22:48:00,Rising,
2023-11-21 00:00:00,High,1.35
2023-11-21 04:40:30,Falling,
2023-11-21 09:21:00,Low,0.74
2023-11-21 12:33:00,Rising,
2023-11-21 15:45:00,High,1.65
2023-11-21 19:09:00,Falling,
2023-11-21 22:33:00,Low,0.4
2023-11-21 23:16:30,Rising,
2023-11-22 00:00:00,High,1.45
2023-11-22 05:18:00,Falling,
2023-11-22 10:36:00,Low,0.69
2023-11-22 13:44:00,Rising,
2023-11-22 16:52:00,High,1.62
2023-11-22 20:08:30,Falling,
2023-11-22 23:25:00,Low,0.38
2023-11-22 23:42:30,Rising,
2023-11-23 00:00:00,High,1.58
2023-11-23 05:53:30,Falling,
2023-11-23 11:47:00,Low,0.61
2023-11-23 14:50:00,Rising,
2023-11-23 17:53:00,High,1.59
2023-11-23 20:56:30,Falling,
2023-11-24 00:00:00,Low,0.36
2023-11-24 03:19:30,Rising,
2023-11-24 06:39:00,High,1.7
2023-11-24 09:45:00,Falling,
2023-11-24 12:51:00,Low,0.52
2023-11-24 15:50:30,Rising,
2023-11-24 18:50:00,High,1.55
2023-11-24 21:25:00,Falling,
2023-11-25 00:00:00,Low,0.37
2023-11-25 03:43:00,Rising,
2023-11-25 07:26:00,High,1.81
2023-11-25 10:37:30,Falling,
2023-11-25 13:49:00,Low,0.44
2023-11-25 16:46:30,Rising,
2023-11-25 19:44:00,High,1.5
2023-11-25 21:52:00,Falling,
2023-11-26 00:00:00,Low,0.4
2023-11-26 04:05:00,Rising,
2023-11-26 08:10:00,High,1.9
2023-11-26 11:26:30,Falling,
2023-11-26 14:43:00,Low,0.38
2023-11-26 17:39:30,Rising,
2023-11-26 20:36:00,High,1.44
2023-11-26 22:18:00,Falling,
2023-11-27 00:00:00,Low,0.45
2023-11-27 04:26:30,Rising,
2023-11-27 08:53:00,High,1.94
2023-11-27 12:12:30,Falling,
2023-11-27 15:32:00,Low,0.34
2023-11-27 18:29:30,Rising,
2023-11-27 21:27:00,High,1.39
2023-11-27 22:43:30,Falling,
2023-11-28 00:00:00,Low,0.51
2023-11-28 04:47:30,Rising,
2023-11-28 09:35:00,High,1.95
2023-11-28 12:56:30,Falling,
2023-11-28 16:18:00,Low,0.34
2023-11-28 19:16:30,Rising,
2023-11-28 22:15:00,High,1.34
2023-11-28 23:07:30,Falling,
2023-11-29 00:00:00,Low,0.57
2023-11-29 05:07:30,Rising,
2023-11-29 10:15:00,High,1.93
2023-11-29 13:39:00,Falling,
2023-11-29 17:03:00,Low,0.36
2023-11-29 20:02:30,Rising,
2023-11-29 23:02:00,High,1.3
2023-11-29 23:31:00,Falling,
2023-11-30 00:00:00,Low,0.64
2023-11-30 05:28:00,Rising,
2023-11-30 10:56:00,High,1.87
2023-11-30 14:21:00,Falling,
2023-11-30 17:46:00,Low,0.41
2023-11-30 20:47:00,Rising,
2023-11-30 23:48:00,High,1.26
2023-12-01 02:23:00,Falling,
2023-12-01 04:58:00,Low,0.7
2023-12-01 08:17:00,Rising,
2023-12-01 11:36:00,High,1.8
2023-12-01 15:03:00,Falling,
2023-12-01 18:30:00,Low,0.47
2023-12-01 21:31:30,Rising,
2023-12-02 00:33:00,High,1.24
2023-12-02 03:07:30,Falling,
2023-12-02 05:42:00,Low,0.75
2023-12-02 08:59:00,Rising,
2023-12-02 12:16:00,High,1.71
2023-12-02 15:45:00,Falling,
2023-12-02 19:14:00,Low,0.52
2023-12-02 22:17:30,Rising,
2023-12-03 01:21:00,High,1.22
2023-12-03 03:55:30,Falling,
2023-12-03 06:30:00,Low,0.8
2023-12-03 09:45:00,Rising,
2023-12-03 13:00:00,High,1.63
2023-12-03 16:30:00,Falling,
2023-12-03 20:00:00,Low,0.56
2023-12-03 23:07:30,Rising,
2023-12-04 02:15:00,High,1.23
2023-12-04 04:51:00,Falling,
2023-12-04 07:27:00,Low,0.84
2023-12-04 10:37:00,Rising,
2023-12-04 13:47:00,High,1.55
2023-12-04 17:18:00,Falling,
2023-12-04 20:49:00,Low,0.58
2023-12-05 00:00:30,Rising,
2023-12-05 03:12:00,High,1.25
2023-12-05 05:51:30,Falling,
2023-12-05 08:31:00,Low,0.86
2023-12-05 11:36:30,Rising,
2023-12-05 14:42:00,High,1.47
2023-12-05 18:10:30,Falling,
2023-12-05 21:39:00,Low,0.59
2023-12-06 00:54:30,Rising,
2023-12-06 04:10:00,High,1.31
2023-12-06 06:56:00,Falling,
2023-12-06 09:42:00,Low,0.86
2023-12-06 12:42:00,Rising,
2023-12-06 15:42:00,High,1.42
2023-12-06 19:04:30,Falling,
2023-12-06 22:27:00,Low,0.58
2023-12-07 01:44:30,Rising,
2023-12-07 05:02:00,High,1.39
2023-12-07 07:57:00,Falling,
2023-12-07 10:52:00,Low,0.82
2023-12-07 13:48:00,Rising,
2023-12-07 16:44:00,High,1.38
2023-12-07 19:57:00,Falling,
2023-12-07 23:10:00,Low,0.56
2023-12-08 02:29:00,Rising,
2023-12-08 05:48:00,High,1.49
2023-12-08 08:52:00,Falling,
2023-12-08 11:56:00,Low,0.76
2023-12-08 14:48:30,Rising,
2023-12-08 17:41:00,High,1.36
2023-12-08 20:45:30,Falling,
2023-12-08 23:50:00,Low,0.55
2023-12-09 03:10:00,Rising,
2023-12-09 06:30:00,High,1.59
2023-12-09 09:40:30,Falling,
2023-12-09 12:51:00,Low,0.67
2023-12-09 15:42:00,Rising,
2023-12-09 18:33:00,High,1.36
2023-12-09 21:31:00,Falling,
2023-12-10 00:29:00,Low,0.54
2023-12-10 03:48:30,Rising,
2023-12-10 07:08:00,High,1.69
2023-12-10 10:24:00,Falling,
2023-12-10 13:40:00,Low,0.57
2023-12-10 16:31:30,Rising,
2023-12-10 19:23:00,High,1.35
2023-12-10 22:14:30,Falling,
2023-12-11 01:06:00,Low,0.53
2023-12-11 04:26:00,Rising,
2023-12-11 07:46:00,High,1.79
2023-12-11 11:05:30,Falling,
2023-12-11 14:25:00,Low,0.48
2023-12-11 17:18:30,Rising,
2023-12-11 20:12:00,High,1.36
2023-12-11 22:58:30,Falling,
2023-12-12 01:45:00,Low,0.53
2023-12-12 05:06:00,Rising,
2023-12-12 08:27:00,High,1.88
2023-12-12 11:48:00,Falling,
2023-12-12 15:09:00,Low,0.39
2023-12-12 18:04:30,Rising,
2023-12-12 21:00:00,High,1.36
2023-12-12 23:43:30,Falling,
2023-12-13 02:27:00,Low,0.53
2023-12-13 05:48:00,Rising,
2023-12-13 09:09:00,High,1.94
2023-12-13 12:31:30,Falling,
2023-12-13 15:54:00,Low,0.33
2023-12-13 18:52:00,Rising,
2023-12-13 21:50:00,High,1.37
2023-12-14 00:31:00,Falling,
2023-12-14 03:12:00,Low,0.54
2023-12-14 06:33:00,Rising,
2023-12-14 09:54:00,High,1.98
2023-12-14 13:17:30,Falling,
2023-12-14 16:41:00,Low,0.29
2023-12-14 19:41:00,Rising,
2023-12-14 22:41:00,High,1.37
2023-12-15 01:20:30,Falling,
2023-12-15 04:00:00,Low,0.56
2023-12-15 07:21:00,Rising,
2023-12-15 10:42:00,High,2
2023-12-15 14:06:00,Falling,
2023-12-15 17:30:00,Low,0.28
2023-12-15 20:31:30,Rising,
2023-12-15 23:33:00,High,1.36
2023-12-16 02:13:00,Falling,
2023-12-16 04:53:00,Low,0.58
2023-12-16 08:11:30,Rising,
2023-12-16 11:30:00,High,1.97
2023-12-16 14:55:30,Falling,
2023-12-16 18:21:00,Low,0.29
2023-12-16 21:24:30,Rising,
2023-12-17 00:28:00,High,1.36
2023-12-17 03:08:30,Falling,
2023-12-17 05:49:00,Low,0.61
2023-12-17 09:05:30,Rising,
2023-12-17 12:22:00,High,1.91
2023-12-17 15:48:00,Falling,
2023-12-17 19:14:00,Low,0.32
2023-12-17 22:19:00,Rising,
2023-12-18 01:24:00,High,1.38
2023-12-18 04:06:00,Falling,
2023-12-18 06:48:00,Low,0.65
2023-12-18 10:01:30,Rising,
2023-12-18 13:15:00,High,1.82
2023-12-18 16:41:00,Falling,
2023-12-18 20:07:00,Low,0.35
2023-12-18 23:15:30,Rising,
2023-12-19 02:24:00,High,1.41
2023-12-19 05:08:30,Falling,
2023-12-19 07:53:00,Low,0.68
2023-12-19 11:03:00,Rising,
2023-12-19 14:13:00,High,1.71
2023-12-19 17:36:30,Falling,
2023-12-19 21:00:00,Low,0.39
2023-12-20 00:12:30,Rising,
2023-12-20 03:25:00,High,1.46
2023-12-20 06:14:30,Falling,
2023-12-20 09:04:00,Low,0.7
2023-12-20 12:09:30,Rising,
2023-12-20 15:15:00,High,1.59
2023-12-20 18:34:00,Falling,
2023-12-20 21:53:00,Low,0.42
2023-12-21 01:09:00,Rising,
2023-12-21 04:25:00,High,1.55
2023-12-21 07:22:30,Falling,
2023-12-21 10:20:00,Low,0.7
2023-12-21 13:21:30,Rising,
2023-12-21 16:23:00,High,1.48
2023-12-21 19:33:30,Falling,
2023-12-21 22:44:00,Low,0.46
2023-12-22 02:02:30,Rising,
2023-12-22 05:21:00,High,1.64
2023-12-22 08:29:30,Falling,
2023-12-22 11:38:00,Low,0.65
2023-12-22 14:34:00,Rising,
2023-12-22 17:30:00,High,1.4
2023-12-22 20:31:00,Falling,
2023-12-22 23:32:00,Low,0.49
2023-12-23 02:53:00,Rising,
2023-12-23 06:14:00,High,1.73
2023-12-23 09:31:30,Falling,
2023-12-23 12:49:00,Low,0.58
2023-12-23 15:41:30,Rising,
2023-12-23 18:34:00,High,1.34
2023-12-23 21:27:00,Falling,
2023-12-24 00:20:00,Low,0.52
2023-12-24 03:41:30,Rising,
2023-12-24 07:03:00,High,1.81
2023-12-24 10:26:00,Falling,
2023-12-24 13:49:00,Low,0.5
2023-12-24 16:41:30,Rising,
2023-12-24 19:34:00,High,1.31
2023-12-24 22:20:00,Falling,
2023-12-25 01:06:00,Low,0.55
2023-12-25 04:28:00,Rising,
2023-12-25 07:50:00,High,1.87
2023-12-25 11:15:00,Falling,
2023-12-25 14:40:00,Low,0.43
2023-12-25 17:34:30,Rising,
2023-12-25 20:29:00,High,1.3
2023-12-25 23:10:00,Falling,
2023-12-26 01:51:00,Low,0.57
2023-12-26 05:12:30,Rising,
2023-12-26 08:34:00,High,1.9
2023-12-26 11:59:30,Falling,
2023-12-26 15:25:00,Low,0.39
2023-12-26 18:21:00,Rising,
2023-12-26 21:17:00,High,1.3
2023-12-26 23:56:00,Falling,
2023-12-27 02:35:00,Low,0.59
2023-12-27 05:56:00,Rising,
2023-12-27 09:17:00,High,1.91
2023-12-27 12:41:30,Falling,
2023-12-27 16:06:00,Low,0.38
2023-12-27 19:04:00,Rising,
2023-12-27 22:02:00,High,1.3
2023-12-28 00:39:00,Falling,
2023-12-28 03:16:00,Low,0.61
2023-12-28 06:36:30,Rising,
2023-12-28 09:57:00,High,1.89
2023-12-28 13:21:00,Falling,
2023-12-28 16:45:00,Low,0.38
2023-12-28 19:44:30,Rising,
2023-12-28 22:44:00,High,1.3
2023-12-29 01:21:00,Falling,
2023-12-29 03:58:00,Low,0.63
2023-12-29 07:16:30,Rising,
2023-12-29 10:35:00,High,1.86
2023-12-29 13:58:00,Falling,
2023-12-29 17:21:00,Low,0.41
2023-12-29 20:21:30,Rising,
2023-12-29 23:22:00,High,1.3
2023-12-30 01:59:30,Falling,
2023-12-30 04:37:00,Low,0.66
2023-12-30 07:55:00,Rising,
2023-12-30 11:13:00,High,1.81
2023-12-30 14:35:30,Falling,
2023-12-30 17:58:00,Low,0.44
2023-12-30 20:59:30,Rising,
2023-12-31 00:01:00,High,1.3
2023-12-31 02:39:30,Falling,
2023-12-31 05:18:00,Low,0.69
2023-12-31 08:33:00,Rising,
2023-12-31 11:48:00,High,1.75
2023-12-31 15:10:30,Falling,
2023-12-31 18:33:00,Low,0.48
2023-12-31 18:33:00,Rising,